date,city,lat,lon,aqi,pm25,pm10,co2,temperature,humidity,wind_speed
2025-06-22,Hyderabad,17.385,78.4867,90.3,41.0,66.4,386.2,30.3,88.4,2.9
2025-06-23,Hyderabad,17.385,78.4867,93.3,43.2,68.7,399.2,27.1,50.3,2.8
2025-06-24,Hyderabad,17.385,78.4867,93.9,52.6,76.9,390.4,26.5,77.2,6.1
2025-06-25,Hyderabad,17.385,78.4867,96.7,45.4,77.8,400.8,31.4,78.9,5.2
2025-06-26,Hyderabad,17.385,78.4867,66.2,25.1,56.5,399.2,23.4,69.4,3.0
2025-06-27,Hyderabad,17.385,78.4867,154.3,70.4,126.7,443.0,37.8,74.7,3.1
2025-06-28,Hyderabad,17.385,78.4867,92.0,44.6,74.1,409.5,27.2,76.6,2.9
2025-06-29,Hyderabad,17.385,78.4867,85.8,43.8,71.7,393.5,28.3,87.6,2.9
2025-06-30,Hyderabad,17.385,78.4867,109.9,52.3,89.1,404.7,27.1,80.5,4.5
2025-07-01,Hyderabad,17.385,78.4867,115.1,52.3,86.6,426.6,32.4,67.0,4.7
2025-07-02,Hyderabad,17.385,78.4867,126.3,61.7,97.5,419.2,31.9,81.5,2.8
2025-07-03,Hyderabad,17.385,78.4867,91.7,40.8,67.4,398.2,28.5,82.4,2.9
2025-07-04,Hyderabad,17.385,78.4867,94.0,42.0,76.1,409.1,32.1,74.6,1.3
2025-07-05,Hyderabad,17.385,78.4867,103.6,47.1,72.3,409.4,29.8,93.3,3.3
2025-07-06,Hyderabad,17.385,78.4867,89.0,38.9,72.5,407.3,25.7,80.1,2.4
2025-07-07,Hyderabad,17.385,78.4867,112.9,51.1,85.4,420.1,28.7,82.6,4.3
2025-07-08,Hyderabad,17.385,78.4867,92.2,44.3,90.5,398.5,30.4,82.1,5.0
2025-07-09,Hyderabad,17.385,78.4867,111.9,53.8,80.3,396.6,30.8,71.0,4.7
2025-07-10,Hyderabad,17.385,78.4867,128.0,64.2,107.3,415.4,30.5,72.5,2.0
2025-07-11,Hyderabad,17.385,78.4867,141.4,64.3,110.2,416.8,21.8,85.9,4.0
2025-07-12,Hyderabad,17.385,78.4867,98.5,44.7,67.2,401.3,31.4,87.2,3.9
2025-07-13,Hyderabad,17.385,78.4867,111.0,52.3,95.0,420.3,32.2,92.7,4.1
2025-07-14,Hyderabad,17.385,78.4867,115.5,55.1,94.8,413.2,22.6,73.9,5.1
2025-07-15,Hyderabad,17.385,78.4867,99.6,50.2,87.8,395.6,28.1,60.5,5.7
2025-07-16,Hyderabad,17.385,78.4867,128.1,50.6,105.9,417.6,31.1,64.0,5.4
2025-07-17,Hyderabad,17.385,78.4867,100.8,43.4,77.2,400.8,28.3,64.3,4.1
2025-07-18,Hyderabad,17.385,78.4867,122.2,59.8,97.9,416.0,30.9,69.3,2.8
2025-07-19,Hyderabad,17.385,78.4867,116.9,42.9,75.7,392.2,30.2,86.5,2.8
2025-07-20,Hyderabad,17.385,78.4867,109.7,43.4,78.6,418.1,30.8,57.7,5.5
2025-07-21,Hyderabad,17.385,78.4867,115.4,52.6,83.6,423.2,28.0,74.8,1.7
2025-07-22,Hyderabad,17.385,78.4867,64.3,28.2,52.7,376.7,27.7,81.2,3.6
2025-07-23,Hyderabad,17.385,78.4867,97.3,39.3,68.4,398.2,26.9,69.4,6.7
2025-07-24,Hyderabad,17.385,78.4867,61.9,20.7,51.7,381.9,28.1,58.2,3.2
2025-07-25,Hyderabad,17.385,78.4867,141.5,64.9,94.7,419.7,25.5,65.9,2.1
2025-07-26,Hyderabad,17.385,78.4867,81.9,35.7,66.7,373.5,32.5,80.3,6.1
2025-07-27,Hyderabad,17.385,78.4867,107.7,52.0,76.1,405.4,29.5,85.9,3.2
2025-07-28,Hyderabad,17.385,78.4867,94.7,52.6,59.8,391.6,27.1,86.7,4.3
2025-07-29,Hyderabad,17.385,78.4867,81.6,33.3,68.1,395.0,34.9,58.2,2.2
2025-07-30,Hyderabad,17.385,78.4867,73.2,23.4,37.1,395.3,29.0,88.8,2.8
2025-07-31,Hyderabad,17.385,78.4867,98.2,47.7,80.3,404.3,26.9,71.7,4.7
2025-08-01,Hyderabad,17.385,78.4867,114.3,50.0,79.9,429.6,31.4,73.8,2.6
2025-08-02,Hyderabad,17.385,78.4867,118.2,55.1,94.7,396.2,25.4,71.3,2.7
2025-08-03,Hyderabad,17.385,78.4867,117.5,53.8,94.8,403.6,35.9,74.5,4.8
2025-08-04,Hyderabad,17.385,78.4867,108.6,51.1,75.7,415.6,29.3,73.5,4.6
2025-08-05,Hyderabad,17.385,78.4867,131.8,55.8,110.4,405.6,25.8,73.6,3.1
2025-08-06,Hyderabad,17.385,78.4867,131.5,58.9,92.5,409.4,30.4,69.6,4.1
2025-08-07,Hyderabad,17.385,78.4867,109.3,54.0,95.6,399.8,28.1,68.7,4.5
2025-08-08,Hyderabad,17.385,78.4867,107.6,42.4,80.7,406.3,29.8,74.9,5.7
2025-08-09,Hyderabad,17.385,78.4867,81.3,40.0,64.4,390.0,31.2,74.0,5.7
2025-08-10,Hyderabad,17.385,78.4867,116.3,62.0,88.2,414.0,31.9,91.8,3.6
2025-08-11,Hyderabad,17.385,78.4867,77.1,32.6,66.7,409.7,29.0,58.4,5.1
2025-08-12,Hyderabad,17.385,78.4867,66.0,22.4,67.4,400.7,30.9,69.5,6.2
2025-08-13,Hyderabad,17.385,78.4867,106.3,61.3,82.4,418.3,30.9,69.7,5.7
2025-08-14,Hyderabad,17.385,78.4867,76.6,39.0,41.9,395.5,32.5,74.9,1.2
2025-08-15,Hyderabad,17.385,78.4867,103.7,47.1,68.3,389.2,23.9,69.9,6.7
2025-08-16,Hyderabad,17.385,78.4867,104.2,48.8,65.2,382.3,29.7,61.6,2.9
2025-08-17,Hyderabad,17.385,78.4867,118.5,50.3,87.4,392.5,30.9,73.6,3.1
2025-08-18,Hyderabad,17.385,78.4867,93.6,43.0,81.3,380.6,27.7,87.8,4.7
2025-08-19,Hyderabad,17.385,78.4867,132.4,59.1,87.4,405.0,26.6,74.3,3.7
2025-08-20,Hyderabad,17.385,78.4867,111.8,50.0,89.1,423.3,24.8,75.5,4.2
2025-08-21,Hyderabad,17.385,78.4867,131.7,59.1,87.0,407.1,31.3,70.2,3.3
2025-08-22,Hyderabad,17.385,78.4867,65.7,32.5,62.6,401.8,32.8,77.1,2.2
2025-08-23,Hyderabad,17.385,78.4867,128.6,73.0,106.7,423.6,26.3,69.6,2.6
2025-08-24,Hyderabad,17.385,78.4867,85.5,39.8,57.7,407.0,32.8,68.7,3.3
2025-08-25,Hyderabad,17.385,78.4867,110.9,52.0,92.4,411.1,30.8,72.4,2.1
2025-08-26,Hyderabad,17.385,78.4867,111.1,51.5,92.0,406.1,34.3,87.2,3.1
2025-08-27,Hyderabad,17.385,78.4867,93.7,48.0,68.7,408.7,25.4,71.5,5.1
2025-08-28,Hyderabad,17.385,78.4867,71.0,26.0,49.5,373.1,33.4,67.8,4.6
2025-08-29,Hyderabad,17.385,78.4867,110.7,49.6,78.6,397.8,28.5,65.4,4.4
2025-08-30,Hyderabad,17.385,78.4867,118.4,47.0,105.1,408.9,24.9,105.3,2.6
2025-08-31,Hyderabad,17.385,78.4867,92.6,49.8,65.8,399.8,29.1,72.8,2.5
2025-09-01,Hyderabad,17.385,78.4867,85.6,36.2,74.5,406.7,28.6,51.4,4.5
2025-09-02,Hyderabad,17.385,78.4867,82.3,36.1,70.9,386.1,33.7,44.0,2.2
2025-09-03,Hyderabad,17.385,78.4867,105.4,48.4,82.0,404.5,26.5,78.3,4.5
2025-09-04,Hyderabad,17.385,78.4867,118.0,55.1,85.5,418.0,23.8,58.2,4.7
2025-09-05,Hyderabad,17.385,78.4867,121.7,50.3,99.3,397.3,28.4,61.0,5.4
2025-09-06,Hyderabad,17.385,78.4867,127.8,65.8,117.8,414.8,30.6,62.4,2.7
2025-09-07,Hyderabad,17.385,78.4867,139.7,56.9,108.9,414.2,29.9,65.2,3.8
2025-09-08,Hyderabad,17.385,78.4867,102.4,42.1,67.5,398.8,34.5,66.0,2.0
2025-09-09,Hyderabad,17.385,78.4867,102.8,45.8,77.8,413.9,27.1,80.7,1.6
2025-09-10,Hyderabad,17.385,78.4867,137.8,71.5,101.3,416.3,28.9,53.1,3.2
2025-09-11,Hyderabad,17.385,78.4867,112.6,48.7,77.4,392.0,29.1,63.8,3.5
2025-09-12,Hyderabad,17.385,78.4867,129.4,56.6,97.4,430.1,32.8,62.9,2.7
2025-09-13,Hyderabad,17.385,78.4867,90.9,24.6,67.2,386.2,32.0,68.1,2.8
2025-09-14,Hyderabad,17.385,78.4867,89.0,38.9,68.4,410.4,29.8,52.2,4.4
2025-09-15,Hyderabad,17.385,78.4867,106.8,54.2,85.6,406.2,35.3,77.2,5.3
2025-09-16,Hyderabad,17.385,78.4867,145.1,61.1,109.2,390.9,25.8,68.4,5.4
2025-09-17,Hyderabad,17.385,78.4867,94.6,54.4,90.8,391.7,30.0,62.4,5.8
2025-09-18,Hyderabad,17.385,78.4867,110.7,49.6,87.0,406.6,28.1,83.1,3.2
2025-09-19,Hyderabad,17.385,78.4867,104.0,39.3,89.3,398.7,30.8,62.2,2.1
2025-09-20,Hyderabad,17.385,78.4867,106.8,45.8,83.7,410.3,28.1,87.7,4.0
2025-09-21,Hyderabad,17.385,78.4867,84.2,39.6,71.3,398.9,27.6,72.2,2.6
2025-09-22,Hyderabad,17.385,78.4867,108.9,52.0,78.6,406.9,25.1,53.6,4.6
2025-09-23,Hyderabad,17.385,78.4867,109.1,47.4,90.7,414.9,24.1,66.0,0.6
2025-09-24,Hyderabad,17.385,78.4867,72.8,29.9,55.8,385.3,26.7,61.1,3.2
2025-09-25,Hyderabad,17.385,78.4867,85.6,33.0,59.4,382.8,32.5,57.7,3.3
2025-09-26,Hyderabad,17.385,78.4867,102.7,47.9,84.4,393.3,31.3,68.8,1.6
2025-09-27,Hyderabad,17.385,78.4867,80.9,33.9,61.7,381.3,30.9,72.2,1.3
2025-09-28,Hyderabad,17.385,78.4867,73.1,31.6,57.0,393.2,27.7,46.2,4.2
2025-09-29,Hyderabad,17.385,78.4867,85.6,32.0,70.8,382.8,27.0,63.2,3.5
2025-09-30,Hyderabad,17.385,78.4867,124.6,59.5,97.6,431.1,32.5,46.9,4.6
2025-10-01,Hyderabad,17.385,78.4867,94.9,46.4,53.2,407.6,21.1,43.6,2.3
2025-10-02,Hyderabad,17.385,78.4867,153.7,74.3,129.3,417.2,30.8,72.4,2.2
2025-10-03,Hyderabad,17.385,78.4867,113.6,42.3,92.3,411.5,31.3,70.9,5.6
2025-10-04,Hyderabad,17.385,78.4867,140.7,76.0,117.5,413.5,26.7,53.0,4.1
2025-10-05,Hyderabad,17.385,78.4867,129.9,50.7,85.2,422.9,30.9,68.8,2.3
2025-10-06,Hyderabad,17.385,78.4867,113.3,47.4,94.4,405.8,24.3,56.8,4.0
2025-10-07,Hyderabad,17.385,78.4867,134.5,58.6,97.2,415.1,28.5,56.3,3.0
2025-10-08,Hyderabad,17.385,78.4867,106.9,53.3,73.2,389.6,35.6,49.6,3.3
2025-10-09,Hyderabad,17.385,78.4867,100.7,50.1,88.6,397.8,26.7,62.4,3.3
2025-10-10,Hyderabad,17.385,78.4867,123.3,54.3,92.7,401.2,29.3,71.1,4.3
2025-10-11,Hyderabad,17.385,78.4867,147.5,66.3,116.1,420.8,24.4,78.3,2.1
2025-10-12,Hyderabad,17.385,78.4867,134.8,62.5,106.6,405.9,33.7,69.3,3.4
2025-10-13,Hyderabad,17.385,78.4867,159.8,76.5,118.8,441.5,22.5,70.0,3.5
2025-10-14,Hyderabad,17.385,78.4867,94.8,40.3,79.1,395.5,28.3,54.5,5.2
2025-10-15,Hyderabad,17.385,78.4867,99.7,48.5,79.4,412.2,29.6,63.7,4.5
2025-10-16,Hyderabad,17.385,78.4867,84.9,31.9,67.5,393.9,31.4,52.7,5.6
2025-10-17,Hyderabad,17.385,78.4867,128.5,60.1,106.3,419.2,25.7,62.4,1.8
2025-10-18,Hyderabad,17.385,78.4867,156.9,59.3,125.2,424.6,24.6,72.3,3.1
2025-10-19,Hyderabad,17.385,78.4867,96.2,36.7,79.7,379.1,31.8,67.2,4.1
2025-10-20,Hyderabad,17.385,78.4867,123.7,56.4,99.4,398.0,30.7,61.4,5.6
2025-10-21,Hyderabad,17.385,78.4867,135.3,55.4,105.4,435.5,26.4,61.9,3.9
2025-10-22,Hyderabad,17.385,78.4867,70.3,27.1,49.2,370.5,27.9,75.1,4.9
2025-10-23,Hyderabad,17.385,78.4867,135.9,66.5,110.5,443.3,28.7,75.1,3.3
2025-10-24,Hyderabad,17.385,78.4867,154.3,66.8,129.1,430.8,31.9,74.1,1.7
2025-10-25,Hyderabad,17.385,78.4867,154.4,74.5,124.1,437.0,28.8,72.2,5.6
2025-10-26,Hyderabad,17.385,78.4867,86.6,42.6,65.9,384.9,24.7,58.4,2.1
2025-10-27,Hyderabad,17.385,78.4867,139.9,66.5,106.2,430.1,27.9,51.6,5.2
2025-10-28,Hyderabad,17.385,78.4867,90.8,43.8,73.2,405.3,29.7,68.8,1.5
2025-10-29,Hyderabad,17.385,78.4867,114.2,48.1,89.6,403.6,25.3,54.4,1.5
2025-10-30,Hyderabad,17.385,78.4867,93.0,44.2,83.1,408.5,32.5,84.4,4.8
2025-10-31,Hyderabad,17.385,78.4867,112.2,57.1,73.2,407.7,27.6,65.4,3.9
2025-11-01,Hyderabad,17.385,78.4867,154.3,75.3,123.1,407.5,21.2,42.2,1.8
2025-11-02,Hyderabad,17.385,78.4867,186.3,83.6,139.8,459.4,22.1,50.5,4.5
2025-11-03,Hyderabad,17.385,78.4867,185.6,78.9,150.9,451.5,16.9,59.8,2.9
2025-11-04,Hyderabad,17.385,78.4867,237.8,110.1,173.0,472.0,20.9,41.5,3.4
2025-11-05,Hyderabad,17.385,78.4867,173.4,83.9,145.7,424.6,21.7,58.0,2.3
2025-11-06,Hyderabad,17.385,78.4867,176.2,79.7,139.8,450.6,21.1,46.1,1.9
2025-11-07,Hyderabad,17.385,78.4867,108.0,45.7,82.6,414.0,22.2,78.0,2.5
2025-11-08,Hyderabad,17.385,78.4867,122.9,56.5,106.1,419.1,18.5,35.8,3.4
2025-11-09,Hyderabad,17.385,78.4867,186.3,85.8,148.0,441.5,23.1,49.9,1.5
2025-11-10,Hyderabad,17.385,78.4867,159.2,69.9,139.1,436.8,25.1,52.9,2.3
2025-11-11,Hyderabad,17.385,78.4867,200.3,99.1,149.7,447.8,21.8,58.6,1.4
2025-11-12,Hyderabad,17.385,78.4867,216.1,95.6,173.4,441.2,18.1,62.9,5.3
2025-11-13,Hyderabad,17.385,78.4867,180.9,80.3,124.4,436.7,20.1,50.6,3.1
2025-11-14,Hyderabad,17.385,78.4867,169.5,85.7,122.1,443.9,22.0,26.8,5.4
2025-11-15,Hyderabad,17.385,78.4867,171.6,79.7,137.1,440.6,26.5,51.2,4.1
2025-11-16,Hyderabad,17.385,78.4867,183.5,90.4,143.4,425.2,21.6,39.8,2.7
2025-11-17,Hyderabad,17.385,78.4867,226.4,107.4,190.2,470.3,22.7,35.8,3.6
2025-11-18,Hyderabad,17.385,78.4867,141.8,59.2,117.8,452.1,22.1,62.1,1.5
2025-11-19,Hyderabad,17.385,78.4867,156.4,71.9,131.0,428.3,33.0,44.8,0.5
2025-11-20,Hyderabad,17.385,78.4867,195.2,82.6,163.3,435.7,22.8,61.4,5.0
2025-11-21,Hyderabad,17.385,78.4867,208.8,94.2,168.6,446.0,21.3,45.9,3.8
2025-11-22,Hyderabad,17.385,78.4867,193.9,77.6,152.9,445.4,20.7,41.4,3.0
2025-11-23,Hyderabad,17.385,78.4867,179.5,76.4,151.1,441.6,24.6,45.2,6.3
2025-11-24,Hyderabad,17.385,78.4867,194.6,81.6,155.8,453.0,19.6,48.0,6.7
2025-11-25,Hyderabad,17.385,78.4867,217.6,102.2,172.3,442.5,19.1,45.2,2.7
2025-11-26,Hyderabad,17.385,78.4867,133.7,51.7,110.4,403.0,19.4,62.9,4.1
2025-11-27,Hyderabad,17.385,78.4867,155.5,69.3,106.7,417.0,17.6,34.8,5.7
2025-11-28,Hyderabad,17.385,78.4867,166.5,79.5,130.8,443.1,18.2,38.3,0.5
2025-11-29,Hyderabad,17.385,78.4867,126.9,55.0,107.6,403.3,27.1,57.2,7.1
2025-11-30,Hyderabad,17.385,78.4867,200.5,88.8,156.7,454.6,21.1,55.5,3.1
2025-12-01,Hyderabad,17.385,78.4867,158.1,79.1,107.3,436.6,22.4,58.4,7.2
2025-12-02,Hyderabad,17.385,78.4867,163.5,62.8,119.3,446.9,20.2,43.9,4.3
2025-12-03,Hyderabad,17.385,78.4867,193.3,91.2,154.2,454.7,17.8,28.5,4.9
2025-12-04,Hyderabad,17.385,78.4867,184.2,76.2,144.1,435.8,23.1,56.0,5.7
2025-12-05,Hyderabad,17.385,78.4867,219.4,99.5,157.7,454.8,18.7,60.9,4.9
2025-12-06,Hyderabad,17.385,78.4867,172.0,76.5,127.5,429.7,21.4,45.9,1.5
2025-12-07,Hyderabad,17.385,78.4867,173.3,76.3,138.5,454.2,17.2,51.7,2.4
2025-12-08,Hyderabad,17.385,78.4867,174.7,89.5,139.5,417.2,24.2,49.4,3.6
2025-12-09,Hyderabad,17.385,78.4867,202.0,81.3,156.7,449.1,21.2,51.2,3.6
2025-12-10,Hyderabad,17.385,78.4867,160.9,74.1,124.8,408.5,24.2,57.9,3.1
2025-12-11,Hyderabad,17.385,78.4867,187.6,89.9,149.9,443.4,23.0,52.6,5.3
2025-12-12,Hyderabad,17.385,78.4867,191.9,95.2,156.2,452.3,29.1,47.6,2.1
2025-12-13,Hyderabad,17.385,78.4867,177.9,85.4,147.3,420.2,19.9,55.6,6.2
2025-12-14,Hyderabad,17.385,78.4867,251.1,107.6,201.3,461.9,9.6,44.4,3.4
2025-12-15,Hyderabad,17.385,78.4867,218.1,95.1,156.0,465.5,23.0,61.3,4.1
2025-12-16,Hyderabad,17.385,78.4867,155.3,72.6,132.6,431.4,21.1,65.1,3.0
2025-12-17,Hyderabad,17.385,78.4867,220.0,101.2,156.9,471.7,28.3,39.5,3.7
2025-12-18,Hyderabad,17.385,78.4867,137.1,66.9,122.2,419.7,22.2,57.4,2.6
2025-06-22,Delhi,28.6139,77.209,127.0,59.0,107.8,431.2,31.5,81.7,4.3
2025-06-23,Delhi,28.6139,77.209,90.3,41.8,85.9,393.4,30.9,62.5,4.0
2025-06-24,Delhi,28.6139,77.209,72.9,29.6,67.0,379.9,29.7,80.5,2.7
2025-06-25,Delhi,28.6139,77.209,53.8,26.0,38.3,388.8,32.2,79.2,1.6
2025-06-26,Delhi,28.6139,77.209,139.2,60.9,120.5,437.0,32.3,80.9,3.4
2025-06-27,Delhi,28.6139,77.209,77.8,33.7,56.6,393.9,31.4,73.6,3.1
2025-06-28,Delhi,28.6139,77.209,101.4,48.2,88.0,393.1,32.9,65.4,4.8
2025-06-29,Delhi,28.6139,77.209,114.4,57.4,84.5,421.0,30.7,63.6,3.8
2025-06-30,Delhi,28.6139,77.209,94.4,35.8,66.7,401.5,31.0,79.2,3.9
2025-07-01,Delhi,28.6139,77.209,129.6,59.7,96.4,410.4,32.3,75.2,2.8
2025-07-02,Delhi,28.6139,77.209,116.7,59.2,90.5,408.6,29.4,71.4,2.5
2025-07-03,Delhi,28.6139,77.209,99.6,38.3,89.0,403.0,30.5,71.4,4.1
2025-07-04,Delhi,28.6139,77.209,105.8,48.6,87.8,407.6,29.0,70.5,2.4
2025-07-05,Delhi,28.6139,77.209,102.2,40.7,89.4,405.9,29.9,77.7,4.4
2025-07-06,Delhi,28.6139,77.209,113.2,47.9,96.1,429.1,27.6,77.0,4.3
2025-07-07,Delhi,28.6139,77.209,87.1,35.6,77.3,400.3,32.0,71.6,3.9
2025-07-08,Delhi,28.6139,77.209,84.7,34.8,56.1,408.6,26.3,75.8,2.4
2025-07-09,Delhi,28.6139,77.209,78.9,43.2,61.4,387.0,30.7,67.6,1.8
2025-07-10,Delhi,28.6139,77.209,100.3,50.8,87.9,396.8,33.4,71.8,3.4
2025-07-11,Delhi,28.6139,77.209,45.6,23.8,25.4,379.1,32.7,82.7,5.9
2025-07-12,Delhi,28.6139,77.209,120.9,52.9,86.4,408.0,26.6,73.2,4.2
2025-07-13,Delhi,28.6139,77.209,98.7,33.2,66.0,388.2,30.5,75.6,1.4
2025-07-14,Delhi,28.6139,77.209,93.0,42.5,84.6,399.3,30.6,65.2,0.5
2025-07-15,Delhi,28.6139,77.209,82.7,35.5,63.1,377.3,32.0,56.5,3.4
2025-07-16,Delhi,28.6139,77.209,97.2,30.0,82.2,391.6,30.2,79.5,2.6
2025-07-17,Delhi,28.6139,77.209,93.5,51.9,53.3,397.0,32.0,92.9,1.3
2025-07-18,Delhi,28.6139,77.209,121.7,58.4,95.5,403.8,28.9,76.9,2.1
2025-07-19,Delhi,28.6139,77.209,99.6,45.6,73.5,407.2,35.9,58.4,5.2
2025-07-20,Delhi,28.6139,77.209,116.8,43.6,98.8,420.5,30.5,71.2,6.7
2025-07-21,Delhi,28.6139,77.209,110.7,51.5,74.4,396.6,28.3,72.6,1.4
2025-07-22,Delhi,28.6139,77.209,96.3,48.0,66.4,389.9,30.3,82.8,2.1
2025-07-23,Delhi,28.6139,77.209,109.6,52.5,88.1,411.9,34.1,85.6,2.0
2025-07-24,Delhi,28.6139,77.209,117.7,48.8,87.7,414.0,29.2,60.2,2.3
2025-07-25,Delhi,28.6139,77.209,75.5,28.2,43.4,379.9,29.3,63.4,3.7
2025-07-26,Delhi,28.6139,77.209,91.4,46.5,80.1,408.1,27.6,69.4,1.1
2025-07-27,Delhi,28.6139,77.209,91.2,35.7,72.3,403.3,30.3,83.9,2.7
2025-07-28,Delhi,28.6139,77.209,95.5,38.6,79.4,417.1,32.8,89.9,4.2
2025-07-29,Delhi,28.6139,77.209,93.3,41.5,62.6,395.0,24.6,71.2,0.7
2025-07-30,Delhi,28.6139,77.209,84.5,36.8,63.9,394.3,33.2,78.3,4.0
2025-07-31,Delhi,28.6139,77.209,109.8,48.7,79.7,403.3,32.1,76.5,2.5
2025-08-01,Delhi,28.6139,77.209,71.7,30.1,49.0,384.5,35.0,78.7,7.0
2025-08-02,Delhi,28.6139,77.209,96.2,35.7,84.4,379.9,25.8,81.9,3.4
2025-08-03,Delhi,28.6139,77.209,92.4,46.1,73.7,402.7,31.1,69.0,1.4
2025-08-04,Delhi,28.6139,77.209,64.3,31.6,49.0,370.4,33.1,89.2,2.1
2025-08-05,Delhi,28.6139,77.209,113.7,42.7,91.3,398.1,33.9,71.2,4.1
2025-08-06,Delhi,28.6139,77.209,83.0,36.6,71.0,399.4,31.7,57.2,2.7
2025-08-07,Delhi,28.6139,77.209,118.2,51.0,92.4,406.6,29.0,79.7,4.4
2025-08-08,Delhi,28.6139,77.209,82.2,40.0,70.7,385.1,29.7,56.5,3.0
2025-08-09,Delhi,28.6139,77.209,101.8,41.7,86.5,396.7,29.7,77.8,6.0
2025-08-10,Delhi,28.6139,77.209,67.2,21.6,63.0,371.2,28.3,69.4,2.4
2025-08-11,Delhi,28.6139,77.209,67.8,28.8,57.7,390.4,36.0,69.6,1.5
2025-08-12,Delhi,28.6139,77.209,95.3,37.0,68.6,379.3,32.0,76.4,5.1
2025-08-13,Delhi,28.6139,77.209,119.2,53.3,86.9,432.4,30.8,68.4,4.2
2025-08-14,Delhi,28.6139,77.209,105.4,59.7,82.2,405.3,28.1,68.3,3.1
2025-08-15,Delhi,28.6139,77.209,117.6,58.9,103.4,430.0,31.3,84.1,4.1
2025-08-16,Delhi,28.6139,77.209,105.0,53.3,84.0,397.8,29.0,61.8,5.0
2025-08-17,Delhi,28.6139,77.209,105.3,54.4,83.5,399.6,24.5,75.1,4.8
2025-08-18,Delhi,28.6139,77.209,149.2,68.6,122.4,404.7,24.0,60.3,4.7
2025-08-19,Delhi,28.6139,77.209,134.8,59.4,97.2,416.3,27.3,70.7,5.1
2025-08-20,Delhi,28.6139,77.209,48.5,22.5,38.9,375.1,30.7,71.0,4.5
2025-08-21,Delhi,28.6139,77.209,103.2,49.3,93.0,416.4,28.8,76.1,1.4
2025-08-22,Delhi,28.6139,77.209,90.4,37.0,79.9,396.9,28.8,80.5,3.8
2025-08-23,Delhi,28.6139,77.209,78.4,26.1,55.6,389.6,27.6,79.7,1.2
2025-08-24,Delhi,28.6139,77.209,108.3,50.9,77.2,400.5,29.4,81.1,4.7
2025-08-25,Delhi,28.6139,77.209,97.9,42.0,66.7,394.6,29.8,94.9,3.3
2025-08-26,Delhi,28.6139,77.209,69.6,33.3,65.5,395.3,26.7,56.6,1.4
2025-08-27,Delhi,28.6139,77.209,84.3,38.2,79.7,392.5,22.3,74.8,3.1
2025-08-28,Delhi,28.6139,77.209,95.3,45.8,60.1,394.2,31.4,83.5,2.9
2025-08-29,Delhi,28.6139,77.209,112.7,39.3,90.1,419.8,31.1,84.4,1.8
2025-08-30,Delhi,28.6139,77.209,106.8,40.9,77.8,405.0,34.1,81.7,3.1
2025-08-31,Delhi,28.6139,77.209,65.3,26.6,57.1,388.1,27.9,82.8,4.2
2025-09-01,Delhi,28.6139,77.209,85.7,29.2,75.2,398.7,25.5,85.1,3.7
2025-09-02,Delhi,28.6139,77.209,96.8,45.6,68.0,404.3,30.2,64.1,3.9
2025-09-03,Delhi,28.6139,77.209,115.7,45.9,78.0,427.4,31.2,53.9,3.7
2025-09-04,Delhi,28.6139,77.209,98.0,35.5,65.9,410.5,26.9,55.7,6.8
2025-09-05,Delhi,28.6139,77.209,110.8,51.9,83.6,408.1,24.3,63.4,2.4
2025-09-06,Delhi,28.6139,77.209,124.0,49.3,88.2,409.3,24.6,65.5,3.3
2025-09-07,Delhi,28.6139,77.209,73.1,28.9,50.9,382.9,28.3,68.6,2.5
2025-09-08,Delhi,28.6139,77.209,96.4,40.6,73.6,406.3,28.1,56.9,5.4
2025-09-09,Delhi,28.6139,77.209,114.9,53.5,90.1,411.0,28.3,66.1,1.5
2025-09-10,Delhi,28.6139,77.209,113.9,68.2,81.7,409.0,28.3,61.3,4.5
2025-09-11,Delhi,28.6139,77.209,79.9,39.5,71.4,387.8,31.3,77.8,2.2
2025-09-12,Delhi,28.6139,77.209,69.0,29.5,56.8,389.5,30.0,56.3,4.8
2025-09-13,Delhi,28.6139,77.209,117.7,60.6,104.8,405.4,27.8,59.1,2.2
2025-09-14,Delhi,28.6139,77.209,101.0,45.1,85.0,396.2,30.1,75.9,4.8
2025-09-15,Delhi,28.6139,77.209,86.5,37.5,62.1,386.6,32.0,65.1,6.9
2025-09-16,Delhi,28.6139,77.209,90.9,50.6,60.8,393.7,27.2,60.2,5.0
2025-09-17,Delhi,28.6139,77.209,102.1,42.6,82.1,391.3,27.2,66.5,2.9
2025-09-18,Delhi,28.6139,77.209,78.0,28.8,51.4,378.5,26.2,48.2,1.5
2025-09-19,Delhi,28.6139,77.209,97.2,38.6,70.6,407.4,29.4,66.1,2.7
2025-09-20,Delhi,28.6139,77.209,115.5,50.2,88.9,409.6,29.1,64.7,4.9
2025-09-21,Delhi,28.6139,77.209,93.3,41.8,82.4,407.7,28.1,74.3,3.1
2025-09-22,Delhi,28.6139,77.209,57.7,16.8,48.2,375.3,21.7,71.8,5.3
2025-09-23,Delhi,28.6139,77.209,114.5,53.3,85.7,422.3,24.2,50.0,3.7
2025-09-24,Delhi,28.6139,77.209,89.4,39.6,80.7,386.3,29.8,66.8,2.0
2025-09-25,Delhi,28.6139,77.209,132.1,56.2,91.9,412.4,24.8,47.5,3.1
2025-09-26,Delhi,28.6139,77.209,111.6,46.6,102.2,397.1,28.3,46.2,5.6
2025-09-27,Delhi,28.6139,77.209,89.2,38.8,67.3,382.3,26.4,57.3,4.3
2025-09-28,Delhi,28.6139,77.209,111.2,49.9,100.8,412.1,29.4,59.0,3.7
2025-09-29,Delhi,28.6139,77.209,133.0,62.0,105.4,435.4,26.7,79.9,4.1
2025-09-30,Delhi,28.6139,77.209,139.7,60.9,117.7,419.2,31.2,55.2,3.1
2025-10-01,Delhi,28.6139,77.209,131.9,55.3,106.9,420.5,26.7,62.6,3.5
2025-10-02,Delhi,28.6139,77.209,104.4,46.8,88.6,416.9,23.6,69.8,1.6
2025-10-03,Delhi,28.6139,77.209,150.4,63.8,128.4,415.3,29.0,72.7,3.6
2025-10-04,Delhi,28.6139,77.209,67.3,30.8,52.3,386.3,29.8,56.0,4.9
2025-10-05,Delhi,28.6139,77.209,152.0,70.5,113.0,420.4,24.8,59.9,5.1
2025-10-06,Delhi,28.6139,77.209,89.0,41.3,59.8,403.7,29.7,60.2,4.1
2025-10-07,Delhi,28.6139,77.209,180.0,88.9,135.0,451.5,32.7,76.6,5.1
2025-10-08,Delhi,28.6139,77.209,119.1,54.9,78.5,411.5,30.3,58.3,3.3
2025-10-09,Delhi,28.6139,77.209,130.7,53.8,94.7,410.8,30.1,62.9,3.7
2025-10-10,Delhi,28.6139,77.209,135.4,62.8,124.1,411.0,29.6,44.1,4.3
2025-10-11,Delhi,28.6139,77.209,101.3,45.4,75.3,416.6,23.3,75.0,2.4
2025-10-12,Delhi,28.6139,77.209,87.8,41.7,72.2,388.9,34.4,54.6,2.0
2025-10-13,Delhi,28.6139,77.209,131.3,70.1,93.8,403.4,27.0,77.8,4.2
2025-10-14,Delhi,28.6139,77.209,111.2,45.5,79.8,419.3,26.2,65.4,3.3
2025-10-15,Delhi,28.6139,77.209,134.8,62.2,112.1,437.6,32.9,73.5,5.0
2025-10-16,Delhi,28.6139,77.209,112.8,50.0,92.2,407.3,26.6,83.9,2.8
2025-10-17,Delhi,28.6139,77.209,150.5,65.8,121.2,437.0,30.5,58.4,0.7
2025-10-18,Delhi,28.6139,77.209,117.1,53.9,99.6,403.0,24.7,78.2,3.6
2025-10-19,Delhi,28.6139,77.209,120.2,47.6,98.1,409.2,26.8,55.0,2.1
2025-10-20,Delhi,28.6139,77.209,146.9,63.8,115.3,415.6,31.1,65.6,5.0
2025-10-21,Delhi,28.6139,77.209,161.9,69.9,127.5,448.6,28.2,45.8,1.7
2025-10-22,Delhi,28.6139,77.209,113.7,48.2,89.7,417.2,25.0,65.0,7.2
2025-10-23,Delhi,28.6139,77.209,153.1,66.1,98.0,439.9,32.0,44.5,2.9
2025-10-24,Delhi,28.6139,77.209,71.7,31.5,57.8,376.8,34.5,69.5,4.2
2025-10-25,Delhi,28.6139,77.209,149.6,61.6,118.6,435.8,26.4,74.5,5.8
2025-10-26,Delhi,28.6139,77.209,154.0,56.9,116.6,425.3,27.6,54.2,4.1
2025-10-27,Delhi,28.6139,77.209,128.0,55.7,100.4,435.3,20.6,75.7,3.7
2025-10-28,Delhi,28.6139,77.209,102.9,44.5,77.1,388.3,26.7,67.1,4.2
2025-10-29,Delhi,28.6139,77.209,146.0,65.3,121.4,433.0,28.8,64.2,4.4
2025-10-30,Delhi,28.6139,77.209,159.7,77.8,136.2,438.0,27.3,52.4,0.5
2025-10-31,Delhi,28.6139,77.209,138.0,70.1,102.5,425.2,25.8,50.1,3.7
2025-11-01,Delhi,28.6139,77.209,174.7,83.6,122.9,416.3,25.9,46.2,3.5
2025-11-02,Delhi,28.6139,77.209,184.9,76.4,144.4,446.0,17.5,44.5,5.2
2025-11-03,Delhi,28.6139,77.209,209.2,97.2,158.9,452.0,22.2,61.5,3.9
2025-11-04,Delhi,28.6139,77.209,186.2,90.9,147.9,441.7,30.5,68.0,1.5
2025-11-05,Delhi,28.6139,77.209,180.7,77.3,142.4,437.9,23.5,55.2,4.2
2025-11-06,Delhi,28.6139,77.209,172.4,76.2,142.5,455.0,20.2,45.9,2.2
2025-11-07,Delhi,28.6139,77.209,201.7,89.0,166.3,447.8,23.1,59.5,4.2
2025-11-08,Delhi,28.6139,77.209,142.6,58.6,110.8,411.6,23.6,51.4,4.5
2025-11-09,Delhi,28.6139,77.209,170.0,71.1,142.4,434.4,19.9,59.1,0.8
2025-11-10,Delhi,28.6139,77.209,210.4,88.6,185.7,450.0,23.8,48.7,4.7
2025-11-11,Delhi,28.6139,77.209,193.0,95.0,152.7,451.2,16.1,54.4,4.4
2025-11-12,Delhi,28.6139,77.209,143.9,67.7,113.7,395.9,23.4,45.2,1.9
2025-11-13,Delhi,28.6139,77.209,196.9,101.5,150.5,445.1,27.5,45.4,4.6
2025-11-14,Delhi,28.6139,77.209,213.2,91.6,149.3,462.6,21.5,65.3,6.8
2025-11-15,Delhi,28.6139,77.209,169.2,78.9,114.2,442.2,21.8,45.3,6.0
2025-11-16,Delhi,28.6139,77.209,200.0,84.1,166.5,428.4,22.3,58.7,4.7
2025-11-17,Delhi,28.6139,77.209,182.3,88.1,148.7,435.5,24.5,69.0,2.7
2025-11-18,Delhi,28.6139,77.209,124.5,54.6,102.8,388.5,19.5,23.6,4.3
2025-11-19,Delhi,28.6139,77.209,192.1,84.1,144.4,440.8,17.9,47.1,3.8
2025-11-20,Delhi,28.6139,77.209,152.0,67.6,115.8,413.0,27.0,53.1,0.5
2025-11-21,Delhi,28.6139,77.209,205.5,95.2,155.2,440.3,30.0,57.5,4.6
2025-11-22,Delhi,28.6139,77.209,147.8,79.1,113.1,422.2,6.7,64.3,4.5
2025-11-23,Delhi,28.6139,77.209,139.7,67.0,104.3,429.8,21.9,46.4,3.1
2025-11-24,Delhi,28.6139,77.209,146.4,68.2,115.3,415.8,26.1,53.5,3.2
2025-11-25,Delhi,28.6139,77.209,225.0,91.2,172.2,434.0,23.7,53.6,3.3
2025-11-26,Delhi,28.6139,77.209,180.0,82.9,138.4,438.0,19.6,61.1,2.8
2025-11-27,Delhi,28.6139,77.209,198.0,93.3,159.2,441.1,28.7,65.4,2.4
2025-11-28,Delhi,28.6139,77.209,131.3,70.0,106.3,402.2,20.3,32.3,2.8
2025-11-29,Delhi,28.6139,77.209,226.0,108.8,166.8,464.9,24.9,62.4,4.0
2025-11-30,Delhi,28.6139,77.209,160.2,76.8,122.0,419.3,25.6,50.1,4.1
2025-12-01,Delhi,28.6139,77.209,150.1,81.9,122.2,420.1,21.3,78.2,3.6
2025-12-02,Delhi,28.6139,77.209,198.9,87.2,154.9,449.6,18.2,57.5,5.0
2025-12-03,Delhi,28.6139,77.209,163.4,72.8,134.0,435.3,19.4,45.2,2.7
2025-12-04,Delhi,28.6139,77.209,147.2,63.7,106.4,430.2,20.1,50.5,3.9
2025-12-05,Delhi,28.6139,77.209,189.6,82.8,143.7,421.0,15.6,46.1,3.9
2025-12-06,Delhi,28.6139,77.209,203.8,84.9,161.2,462.4,16.9,48.3,3.3
2025-12-07,Delhi,28.6139,77.209,182.1,85.2,126.3,440.7,28.7,58.0,0.5
2025-12-08,Delhi,28.6139,77.209,193.5,84.1,158.1,436.7,17.3,51.5,1.5
2025-12-09,Delhi,28.6139,77.209,226.3,99.3,173.1,471.2,24.0,43.8,3.1
2025-12-10,Delhi,28.6139,77.209,160.0,78.1,134.6,417.6,17.8,26.8,0.6
2025-12-11,Delhi,28.6139,77.209,172.7,72.3,120.4,422.2,22.3,59.5,3.6
2025-12-12,Delhi,28.6139,77.209,155.3,69.4,125.2,435.4,24.1,62.8,3.7
2025-12-13,Delhi,28.6139,77.209,176.6,86.2,138.6,440.7,24.0,54.1,2.1
2025-12-14,Delhi,28.6139,77.209,197.8,85.7,150.3,449.5,23.6,68.5,0.7
2025-12-15,Delhi,28.6139,77.209,223.1,94.9,169.4,464.3,26.2,63.1,3.5
2025-12-16,Delhi,28.6139,77.209,155.7,71.1,135.6,428.3,27.0,53.1,4.5
2025-12-17,Delhi,28.6139,77.209,186.7,87.3,143.0,440.9,21.0,40.3,4.6
2025-12-18,Delhi,28.6139,77.209,198.0,92.3,164.3,462.4,18.4,44.7,2.3
2025-06-22,Mumbai,19.076,72.8777,78.6,40.8,59.0,391.7,26.7,81.2,5.6
2025-06-23,Mumbai,19.076,72.8777,72.6,34.7,59.3,372.3,31.1,94.6,2.6
2025-06-24,Mumbai,19.076,72.8777,106.6,55.8,90.2,400.3,29.9,69.1,2.0
2025-06-25,Mumbai,19.076,72.8777,133.3,61.8,101.6,420.4,29.5,73.3,5.3
2025-06-26,Mumbai,19.076,72.8777,87.2,41.2,84.3,402.2,30.0,73.9,4.8
2025-06-27,Mumbai,19.076,72.8777,109.1,57.0,89.8,403.7,29.1,50.4,1.5
2025-06-28,Mumbai,19.076,72.8777,117.4,44.9,73.6,413.7,32.8,81.0,3.7
2025-06-29,Mumbai,19.076,72.8777,141.8,65.5,115.6,441.3,30.8,55.7,1.8
2025-06-30,Mumbai,19.076,72.8777,113.8,53.0,91.2,404.9,33.1,85.7,5.0
2025-07-01,Mumbai,19.076,72.8777,121.8,55.3,89.4,417.2,33.5,73.8,5.0
2025-07-02,Mumbai,19.076,72.8777,86.8,36.7,46.3,377.9,32.9,68.5,5.7
2025-07-03,Mumbai,19.076,72.8777,137.4,58.9,104.9,415.9,27.7,72.1,1.8
2025-07-04,Mumbai,19.076,72.8777,95.6,44.3,82.2,407.4,32.1,76.7,2.2
2025-07-05,Mumbai,19.076,72.8777,98.7,41.6,81.7,405.4,28.1,90.9,6.6
2025-07-06,Mumbai,19.076,72.8777,93.9,44.3,69.7,389.0,33.7,73.2,4.6
2025-07-07,Mumbai,19.076,72.8777,97.7,41.2,70.7,408.0,29.1,61.9,2.8
2025-07-08,Mumbai,19.076,72.8777,91.4,34.4,65.1,398.8,34.9,70.4,4.7
2025-07-09,Mumbai,19.076,72.8777,127.7,56.5,88.5,419.9,31.9,82.9,2.7
2025-07-10,Mumbai,19.076,72.8777,113.1,59.1,68.1,406.3,28.9,79.3,3.6
2025-07-11,Mumbai,19.076,72.8777,99.9,50.4,70.2,404.3,22.7,79.8,1.9
2025-07-12,Mumbai,19.076,72.8777,104.1,40.4,74.8,410.1,30.2,66.9,4.5
2025-07-13,Mumbai,19.076,72.8777,106.1,37.0,82.4,416.7,29.3,81.6,2.5
2025-07-14,Mumbai,19.076,72.8777,88.8,39.1,72.7,400.8,33.9,91.7,4.9
2025-07-15,Mumbai,19.076,72.8777,101.3,40.7,81.6,400.5,28.5,50.6,5.9
2025-07-16,Mumbai,19.076,72.8777,70.7,27.3,54.8,396.4,33.2,75.6,4.2
2025-07-17,Mumbai,19.076,72.8777,80.3,45.8,58.4,388.1,28.1,64.0,6.3
2025-07-18,Mumbai,19.076,72.8777,92.2,37.1,60.9,388.1,31.7,80.0,3.1
2025-07-19,Mumbai,19.076,72.8777,140.8,63.5,120.1,410.5,31.5,73.1,1.1
2025-07-20,Mumbai,19.076,72.8777,88.7,48.3,80.2,399.9,27.7,51.9,2.1
2025-07-21,Mumbai,19.076,72.8777,80.0,24.7,64.2,397.8,29.8,78.5,2.7
2025-07-22,Mumbai,19.076,72.8777,79.8,43.0,68.9,386.3,22.9,88.0,3.8
2025-07-23,Mumbai,19.076,72.8777,73.5,33.6,51.8,371.7,30.5,61.1,1.9
2025-07-24,Mumbai,19.076,72.8777,116.0,58.7,93.0,415.4,27.5,71.0,2.0
2025-07-25,Mumbai,19.076,72.8777,108.0,46.8,98.7,385.7,31.8,73.6,6.4
2025-07-26,Mumbai,19.076,72.8777,129.9,58.5,95.7,412.4,29.2,75.7,0.9
2025-07-27,Mumbai,19.076,72.8777,76.5,25.3,66.3,387.9,27.1,78.0,4.2
2025-07-28,Mumbai,19.076,72.8777,85.5,32.8,78.6,406.8,34.2,74.8,4.9
2025-07-29,Mumbai,19.076,72.8777,67.9,27.2,61.4,378.3,31.1,68.4,6.2
2025-07-30,Mumbai,19.076,72.8777,101.3,44.7,75.5,407.6,31.5,80.1,2.1
2025-07-31,Mumbai,19.076,72.8777,87.3,43.8,73.9,408.3,24.9,76.1,5.1
2025-08-01,Mumbai,19.076,72.8777,121.8,52.0,83.0,400.9,27.2,88.2,3.9
2025-08-02,Mumbai,19.076,72.8777,100.2,44.5,84.5,392.9,26.3,71.3,2.5
2025-08-03,Mumbai,19.076,72.8777,136.7,59.1,112.9,418.2,25.8,81.9,3.6
2025-08-04,Mumbai,19.076,72.8777,102.9,38.1,99.2,399.3,26.2,73.4,1.7
2025-08-05,Mumbai,19.076,72.8777,112.6,49.9,72.5,390.8,27.8,80.0,6.9
2025-08-06,Mumbai,19.076,72.8777,95.3,43.9,74.1,412.6,29.8,75.1,2.9
2025-08-07,Mumbai,19.076,72.8777,135.2,64.0,97.6,413.6,31.7,50.8,4.1
2025-08-08,Mumbai,19.076,72.8777,93.7,47.9,83.0,369.2,28.7,76.0,5.4
2025-08-09,Mumbai,19.076,72.8777,98.6,48.3,77.0,389.8,31.4,71.6,2.5
2025-08-10,Mumbai,19.076,72.8777,104.4,48.5,82.1,390.6,29.3,86.8,1.5
2025-08-11,Mumbai,19.076,72.8777,92.1,41.9,75.6,408.9,31.4,87.2,8.3
2025-08-12,Mumbai,19.076,72.8777,119.3,51.5,104.5,416.2,33.0,54.7,4.1
2025-08-13,Mumbai,19.076,72.8777,134.2,61.7,99.5,407.6,28.3,55.6,1.8
2025-08-14,Mumbai,19.076,72.8777,91.0,42.9,82.2,414.2,37.5,64.8,4.2
2025-08-15,Mumbai,19.076,72.8777,89.7,48.2,79.8,394.1,25.9,79.4,5.0
2025-08-16,Mumbai,19.076,72.8777,89.6,48.8,65.2,392.4,25.7,66.3,3.1
2025-08-17,Mumbai,19.076,72.8777,113.1,51.0,99.6,392.2,28.5,83.8,4.6
2025-08-18,Mumbai,19.076,72.8777,105.3,54.2,77.6,406.1,29.8,86.7,6.1
2025-08-19,Mumbai,19.076,72.8777,98.8,40.8,79.2,394.4,29.9,84.3,2.8
2025-08-20,Mumbai,19.076,72.8777,87.4,42.3,66.7,405.7,31.9,69.3,5.4
2025-08-21,Mumbai,19.076,72.8777,84.7,34.5,73.0,409.7,30.1,67.6,2.7
2025-08-22,Mumbai,19.076,72.8777,92.8,45.0,76.3,380.3,28.0,84.7,2.7
2025-08-23,Mumbai,19.076,72.8777,84.9,42.3,65.8,412.2,28.9,75.6,2.2
2025-08-24,Mumbai,19.076,72.8777,105.7,53.7,88.2,414.7,29.4,89.4,4.1
2025-08-25,Mumbai,19.076,72.8777,65.0,31.5,65.7,363.2,33.9,73.6,1.6
2025-08-26,Mumbai,19.076,72.8777,98.1,39.2,82.5,387.2,32.2,73.7,4.9
2025-08-27,Mumbai,19.076,72.8777,88.9,39.8,70.2,403.4,32.6,69.7,3.6
2025-08-28,Mumbai,19.076,72.8777,80.5,36.5,63.6,376.8,24.0,77.0,1.1
2025-08-29,Mumbai,19.076,72.8777,130.9,55.0,109.9,413.7,33.1,89.0,4.5
2025-08-30,Mumbai,19.076,72.8777,94.9,44.3,69.8,389.3,29.0,74.9,3.1
2025-08-31,Mumbai,19.076,72.8777,97.5,35.0,72.9,384.9,32.7,86.4,3.2
2025-09-01,Mumbai,19.076,72.8777,64.6,29.9,39.4,375.9,28.9,65.0,3.0
2025-09-02,Mumbai,19.076,72.8777,111.7,55.2,85.2,397.5,24.7,55.7,1.6
2025-09-03,Mumbai,19.076,72.8777,119.4,58.7,101.2,419.3,30.8,65.1,0.7
2025-09-04,Mumbai,19.076,72.8777,92.4,44.5,69.4,409.3,30.0,60.6,3.9
2025-09-05,Mumbai,19.076,72.8777,85.7,34.5,61.3,382.9,31.4,89.5,5.2
2025-09-06,Mumbai,19.076,72.8777,96.0,40.1,73.9,401.7,32.9,54.4,2.8
2025-09-07,Mumbai,19.076,72.8777,106.3,49.2,75.5,401.9,24.7,70.8,4.8
2025-09-08,Mumbai,19.076,72.8777,102.9,55.8,74.2,385.9,27.4,60.0,5.4
2025-09-09,Mumbai,19.076,72.8777,128.4,48.1,109.6,413.3,29.0,49.6,5.1
2025-09-10,Mumbai,19.076,72.8777,89.3,40.4,65.2,375.0,24.4,73.0,2.1
2025-09-11,Mumbai,19.076,72.8777,97.4,39.5,72.1,405.9,30.4,57.0,4.6
2025-09-12,Mumbai,19.076,72.8777,76.2,33.5,69.1,385.2,24.0,58.5,3.1
2025-09-13,Mumbai,19.076,72.8777,134.1,66.8,95.4,399.2,30.1,87.4,5.2
2025-09-14,Mumbai,19.076,72.8777,107.2,46.3,94.6,399.4,27.0,78.2,3.6
2025-09-15,Mumbai,19.076,72.8777,104.9,56.5,82.6,399.4,29.0,66.7,3.9
2025-09-16,Mumbai,19.076,72.8777,123.2,60.9,117.5,427.2,29.2,64.3,5.7
2025-09-17,Mumbai,19.076,72.8777,97.9,51.4,61.6,402.9,27.7,79.8,4.2
2025-09-18,Mumbai,19.076,72.8777,95.4,47.0,86.0,395.6,28.8,41.7,6.0
2025-09-19,Mumbai,19.076,72.8777,65.2,27.6,45.2,372.5,24.3,65.4,1.8
2025-09-20,Mumbai,19.076,72.8777,117.0,50.6,89.0,422.1,32.1,57.0,2.3
2025-09-21,Mumbai,19.076,72.8777,111.0,46.5,88.3,404.6,28.3,69.9,3.3
2025-09-22,Mumbai,19.076,72.8777,81.3,41.6,57.5,400.4,32.2,72.5,4.5
2025-09-23,Mumbai,19.076,72.8777,100.2,42.7,70.4,399.7,28.3,60.0,1.6
2025-09-24,Mumbai,19.076,72.8777,102.2,50.0,89.7,404.8,29.7,68.1,2.9
2025-09-25,Mumbai,19.076,72.8777,107.7,50.2,94.5,403.1,29.2,66.8,1.4
2025-09-26,Mumbai,19.076,72.8777,107.3,51.4,87.1,415.7,28.1,68.0,3.0
2025-09-27,Mumbai,19.076,72.8777,71.4,27.4,57.8,391.3,29.9,73.6,5.1
2025-09-28,Mumbai,19.076,72.8777,107.8,50.6,83.5,398.8,35.6,52.0,2.7
2025-09-29,Mumbai,19.076,72.8777,131.4,60.6,116.5,420.6,20.6,66.4,3.7
2025-09-30,Mumbai,19.076,72.8777,125.0,60.9,90.6,424.8,27.8,71.0,4.7
2025-10-01,Mumbai,19.076,72.8777,106.2,49.6,85.7,386.3,28.6,45.7,2.2
2025-10-02,Mumbai,19.076,72.8777,116.5,50.7,83.4,417.5,28.8,89.7,1.8
2025-10-03,Mumbai,19.076,72.8777,157.5,71.2,132.7,426.8,29.0,57.2,3.7
2025-10-04,Mumbai,19.076,72.8777,158.5,56.9,127.2,421.9,29.9,64.2,5.9
2025-10-05,Mumbai,19.076,72.8777,134.7,63.1,116.4,425.8,28.3,67.0,1.4
2025-10-06,Mumbai,19.076,72.8777,161.1,75.4,117.0,435.2,26.7,64.1,3.2
2025-10-07,Mumbai,19.076,72.8777,119.1,55.9,85.3,422.7,30.2,60.7,5.2
2025-10-08,Mumbai,19.076,72.8777,121.9,52.6,97.6,415.8,27.6,63.7,3.6
2025-10-09,Mumbai,19.076,72.8777,138.1,63.7,110.4,417.4,29.7,47.4,4.8
2025-10-10,Mumbai,19.076,72.8777,146.4,61.4,118.4,438.0,27.3,80.5,0.8
2025-10-11,Mumbai,19.076,72.8777,114.6,53.4,99.2,412.5,28.8,67.5,3.1
2025-10-12,Mumbai,19.076,72.8777,120.1,58.3,98.3,405.7,23.9,60.2,5.2
2025-10-13,Mumbai,19.076,72.8777,128.8,66.7,100.5,427.2,24.7,58.2,2.9
2025-10-14,Mumbai,19.076,72.8777,115.0,51.3,85.7,411.9,27.7,71.8,4.6
2025-10-15,Mumbai,19.076,72.8777,142.7,60.7,117.5,422.5,28.1,61.0,4.2
2025-10-16,Mumbai,19.076,72.8777,109.8,49.4,85.7,402.6,33.6,51.7,3.2
2025-10-17,Mumbai,19.076,72.8777,151.2,70.0,127.3,441.5,27.9,68.7,5.1
2025-10-18,Mumbai,19.076,72.8777,131.8,65.0,103.0,407.0,27.5,79.2,2.9
2025-10-19,Mumbai,19.076,72.8777,117.4,54.4,99.1,413.2,27.9,49.0,3.5
2025-10-20,Mumbai,19.076,72.8777,136.9,68.2,119.9,421.4,25.3,58.3,4.8
2025-10-21,Mumbai,19.076,72.8777,145.7,63.7,107.0,444.1,24.8,63.8,5.2
2025-10-22,Mumbai,19.076,72.8777,144.8,59.9,110.2,424.8,24.6,59.0,4.1
2025-10-23,Mumbai,19.076,72.8777,143.7,71.7,101.4,419.8,24.4,57.8,6.9
2025-10-24,Mumbai,19.076,72.8777,142.0,58.3,115.7,422.7,29.8,69.7,4.4
2025-10-25,Mumbai,19.076,72.8777,140.4,71.6,106.4,414.9,30.6,65.0,2.1
2025-10-26,Mumbai,19.076,72.8777,129.6,60.2,99.4,435.7,27.1,54.9,5.0
2025-10-27,Mumbai,19.076,72.8777,115.3,48.4,88.5,407.9,27.6,46.5,3.7
2025-10-28,Mumbai,19.076,72.8777,163.1,73.0,120.3,446.0,29.1,40.2,4.2
2025-10-29,Mumbai,19.076,72.8777,117.3,53.4,75.9,405.5,30.3,63.4,2.9
2025-10-30,Mumbai,19.076,72.8777,161.7,71.0,116.6,438.0,29.1,60.7,4.2
2025-10-31,Mumbai,19.076,72.8777,104.1,52.3,97.3,406.0,22.4,82.7,2.8
2025-11-01,Mumbai,19.076,72.8777,191.1,91.5,154.5,450.4,25.4,66.5,3.5
2025-11-02,Mumbai,19.076,72.8777,200.3,83.4,159.1,450.8,21.4,50.9,4.4
2025-11-03,Mumbai,19.076,72.8777,207.5,91.6,162.7,440.1,24.9,40.6,4.0
2025-11-04,Mumbai,19.076,72.8777,170.9,71.8,141.5,417.9,22.1,48.4,4.2
2025-11-05,Mumbai,19.076,72.8777,207.6,103.1,172.9,457.7,20.0,61.4,6.4
2025-11-06,Mumbai,19.076,72.8777,149.5,60.2,109.8,426.9,16.3,35.0,3.6
2025-11-07,Mumbai,19.076,72.8777,177.4,73.6,138.1,438.2,21.6,47.4,3.6
2025-11-08,Mumbai,19.076,72.8777,109.0,45.7,78.4,390.7,22.5,58.5,4.6
2025-11-09,Mumbai,19.076,72.8777,185.5,83.4,166.2,448.7,25.9,64.7,3.4
2025-11-10,Mumbai,19.076,72.8777,124.9,50.1,86.2,416.0,23.3,48.4,4.1
2025-11-11,Mumbai,19.076,72.8777,224.1,100.2,180.5,447.2,18.2,28.6,3.7
2025-11-12,Mumbai,19.076,72.8777,226.6,104.0,177.5,465.4,25.6,47.6,3.2
2025-11-13,Mumbai,19.076,72.8777,179.8,80.8,161.3,435.2,20.2,41.2,0.6
2025-11-14,Mumbai,19.076,72.8777,195.5,86.2,150.8,435.2,14.0,60.8,2.0
2025-11-15,Mumbai,19.076,72.8777,170.8,79.8,134.7,439.3,30.3,59.4,3.7
2025-11-16,Mumbai,19.076,72.8777,161.9,80.6,116.7,430.6,23.3,54.5,2.5
2025-11-17,Mumbai,19.076,72.8777,179.9,82.6,136.6,432.0,12.3,55.2,3.4
2025-11-18,Mumbai,19.076,72.8777,212.5,93.0,165.1,463.7,27.3,57.9,5.0
2025-11-19,Mumbai,19.076,72.8777,161.3,68.2,124.0,427.4,25.0,38.4,2.2
2025-11-20,Mumbai,19.076,72.8777,153.7,63.4,114.8,418.9,32.5,40.9,3.1
2025-11-21,Mumbai,19.076,72.8777,208.8,94.7,162.0,463.4,21.5,58.4,2.6
2025-11-22,Mumbai,19.076,72.8777,199.5,86.6,147.0,448.3,26.0,52.6,3.1
2025-11-23,Mumbai,19.076,72.8777,204.8,96.5,137.5,449.1,22.3,61.4,0.7
2025-11-24,Mumbai,19.076,72.8777,153.0,69.1,110.8,421.3,19.6,53.2,2.7
2025-11-25,Mumbai,19.076,72.8777,221.5,99.4,147.6,455.2,23.2,44.5,5.4
2025-11-26,Mumbai,19.076,72.8777,121.2,54.0,109.2,403.2,18.4,51.1,2.7
2025-11-27,Mumbai,19.076,72.8777,142.6,69.9,121.2,428.6,27.5,49.7,4.4
2025-11-28,Mumbai,19.076,72.8777,179.5,84.3,151.8,444.9,20.0,54.5,2.8
2025-11-29,Mumbai,19.076,72.8777,138.6,58.7,107.6,438.6,24.9,60.8,3.0
2025-11-30,Mumbai,19.076,72.8777,177.8,77.7,124.0,440.8,15.4,50.0,2.8
2025-12-01,Mumbai,19.076,72.8777,206.0,98.7,162.8,462.7,25.1,33.9,2.3
2025-12-02,Mumbai,19.076,72.8777,152.3,63.0,114.9,429.7,23.9,49.5,6.2
2025-12-03,Mumbai,19.076,72.8777,173.7,80.3,134.0,425.9,15.3,29.6,2.4
2025-12-04,Mumbai,19.076,72.8777,113.9,54.2,105.5,406.7,27.9,52.9,1.6
2025-12-05,Mumbai,19.076,72.8777,160.6,63.9,114.4,435.3,24.5,30.3,2.9
2025-12-06,Mumbai,19.076,72.8777,156.8,70.1,129.7,427.8,22.6,60.7,0.6
2025-12-07,Mumbai,19.076,72.8777,149.7,63.1,107.6,429.7,17.3,47.7,3.6
2025-12-08,Mumbai,19.076,72.8777,129.2,58.8,97.6,409.1,20.5,63.7,4.1
2025-12-09,Mumbai,19.076,72.8777,140.5,64.6,110.1,424.9,20.6,74.8,2.6
2025-12-10,Mumbai,19.076,72.8777,200.6,90.5,162.4,436.4,19.6,51.7,1.4
2025-12-11,Mumbai,19.076,72.8777,151.6,65.6,112.3,417.2,24.9,47.2,0.5
2025-12-12,Mumbai,19.076,72.8777,151.8,67.0,120.1,419.4,22.0,53.1,3.0
2025-12-13,Mumbai,19.076,72.8777,136.5,56.2,117.5,430.7,23.1,40.3,2.6
2025-12-14,Mumbai,19.076,72.8777,175.1,78.6,142.4,451.2,19.2,58.2,1.1
2025-12-15,Mumbai,19.076,72.8777,186.8,79.6,133.7,434.9,21.8,51.7,4.6
2025-12-16,Mumbai,19.076,72.8777,139.2,64.6,111.3,416.6,17.7,72.8,3.6
2025-12-17,Mumbai,19.076,72.8777,151.9,69.0,124.5,427.6,18.1,49.9,4.0
2025-12-18,Mumbai,19.076,72.8777,159.0,81.0,127.8,419.6,24.4,50.9,4.3
2025-06-22,Bangalore,12.9716,77.5946,149.4,69.7,96.5,420.9,24.7,72.2,2.5
2025-06-23,Bangalore,12.9716,77.5946,107.5,54.3,78.4,400.0,35.2,66.0,4.1
2025-06-24,Bangalore,12.9716,77.5946,101.2,41.6,66.0,400.1,33.6,76.7,5.2
2025-06-25,Bangalore,12.9716,77.5946,61.2,27.3,29.1,384.7,28.9,71.0,2.3
2025-06-26,Bangalore,12.9716,77.5946,83.6,31.3,65.1,408.5,33.9,85.6,3.8
2025-06-27,Bangalore,12.9716,77.5946,134.4,61.7,122.1,423.2,20.8,70.4,3.2
2025-06-28,Bangalore,12.9716,77.5946,93.7,38.8,62.1,395.4,30.9,75.4,3.7
2025-06-29,Bangalore,12.9716,77.5946,90.6,41.6,71.0,393.2,33.3,67.2,2.7
2025-06-30,Bangalore,12.9716,77.5946,100.8,40.5,83.6,406.6,25.3,76.1,2.5
2025-07-01,Bangalore,12.9716,77.5946,86.6,36.7,67.8,409.2,30.5,73.7,0.9
2025-07-02,Bangalore,12.9716,77.5946,74.3,37.3,54.6,395.9,32.2,65.9,3.2
2025-07-03,Bangalore,12.9716,77.5946,136.0,61.0,106.3,420.7,26.2,65.7,3.7
2025-07-04,Bangalore,12.9716,77.5946,101.3,43.1,61.0,409.2,29.4,76.0,2.0
2025-07-05,Bangalore,12.9716,77.5946,111.8,54.4,100.9,406.3,30.8,88.7,2.2
2025-07-06,Bangalore,12.9716,77.5946,121.3,60.3,99.7,415.5,33.1,58.8,3.4
2025-07-07,Bangalore,12.9716,77.5946,104.7,42.6,94.4,387.5,31.5,69.8,2.3
2025-07-08,Bangalore,12.9716,77.5946,93.2,44.9,70.4,405.8,29.2,83.5,4.3
2025-07-09,Bangalore,12.9716,77.5946,93.9,46.1,54.1,409.0,31.9,72.4,3.8
2025-07-10,Bangalore,12.9716,77.5946,100.5,54.8,78.0,403.0,33.0,56.1,2.1
2025-07-11,Bangalore,12.9716,77.5946,59.3,28.5,53.6,377.5,29.5,75.2,2.1
2025-07-12,Bangalore,12.9716,77.5946,104.7,40.9,92.9,424.8,26.5,61.8,4.6
2025-07-13,Bangalore,12.9716,77.5946,123.2,54.0,97.7,403.2,25.9,67.6,0.5
2025-07-14,Bangalore,12.9716,77.5946,112.8,55.9,89.4,406.1,31.6,74.3,0.8
2025-07-15,Bangalore,12.9716,77.5946,104.4,44.7,91.7,396.4,36.5,74.0,4.2
2025-07-16,Bangalore,12.9716,77.5946,105.6,49.8,77.3,398.9,29.2,77.3,2.6
2025-07-17,Bangalore,12.9716,77.5946,108.6,57.3,79.2,417.0,30.3,74.6,2.6
2025-07-18,Bangalore,12.9716,77.5946,105.7,48.3,73.4,388.1,30.3,64.5,1.4
2025-07-19,Bangalore,12.9716,77.5946,122.1,57.1,95.1,409.2,32.2,76.9,6.4
2025-07-20,Bangalore,12.9716,77.5946,84.5,33.3,60.7,403.4,29.0,88.8,1.2
2025-07-21,Bangalore,12.9716,77.5946,97.7,37.6,65.7,380.7,25.3,74.6,3.4
2025-07-22,Bangalore,12.9716,77.5946,112.3,46.0,84.4,415.6,32.4,58.5,3.6
2025-07-23,Bangalore,12.9716,77.5946,107.9,50.0,90.7,393.7,30.7,86.3,2.0
2025-07-24,Bangalore,12.9716,77.5946,124.8,55.3,93.7,396.5,27.5,92.9,4.5
2025-07-25,Bangalore,12.9716,77.5946,130.5,59.0,100.4,417.5,34.9,74.3,4.7
2025-07-26,Bangalore,12.9716,77.5946,125.9,51.2,101.0,401.9,26.3,56.9,4.7
2025-07-27,Bangalore,12.9716,77.5946,99.5,32.0,77.6,396.4,25.3,94.9,2.7
2025-07-28,Bangalore,12.9716,77.5946,70.3,34.4,45.8,381.3,27.0,73.8,0.5
2025-07-29,Bangalore,12.9716,77.5946,109.3,51.9,84.5,408.1,25.4,90.8,3.5
2025-07-30,Bangalore,12.9716,77.5946,102.9,42.9,84.3,398.7,33.7,57.9,3.7
2025-07-31,Bangalore,12.9716,77.5946,79.2,43.8,63.3,372.1,32.8,87.1,4.8
2025-08-01,Bangalore,12.9716,77.5946,108.1,53.7,81.9,396.6,32.7,92.9,4.5
2025-08-02,Bangalore,12.9716,77.5946,90.5,33.5,72.8,393.7,27.6,58.6,4.2
2025-08-03,Bangalore,12.9716,77.5946,93.3,36.8,71.4,389.0,33.7,84.8,1.9
2025-08-04,Bangalore,12.9716,77.5946,116.0,56.9,92.7,411.1,33.9,59.4,5.1
2025-08-05,Bangalore,12.9716,77.5946,56.3,19.6,50.4,383.2,29.9,73.9,4.3
2025-08-06,Bangalore,12.9716,77.5946,125.2,52.0,88.4,404.0,28.3,77.9,5.2
2025-08-07,Bangalore,12.9716,77.5946,103.6,49.7,81.2,392.4,27.7,45.8,4.3
2025-08-08,Bangalore,12.9716,77.5946,111.1,51.6,80.1,408.3,29.6,72.1,2.3
2025-08-09,Bangalore,12.9716,77.5946,90.6,38.0,67.7,392.0,24.4,55.6,3.0
2025-08-10,Bangalore,12.9716,77.5946,56.4,29.2,44.5,375.9,31.9,70.0,3.4
2025-08-11,Bangalore,12.9716,77.5946,123.3,56.8,90.9,392.6,26.8,93.1,4.5
2025-08-12,Bangalore,12.9716,77.5946,88.4,44.0,69.7,393.5,30.2,66.5,4.3
2025-08-13,Bangalore,12.9716,77.5946,116.8,43.0,88.0,409.6,22.9,76.8,2.2
2025-08-14,Bangalore,12.9716,77.5946,106.8,46.1,80.6,379.1,33.2,84.1,4.9
2025-08-15,Bangalore,12.9716,77.5946,108.8,48.7,98.3,381.1,26.0,72.3,4.5
2025-08-16,Bangalore,12.9716,77.5946,124.3,57.8,90.6,416.6,30.0,77.3,5.0
2025-08-17,Bangalore,12.9716,77.5946,99.6,40.1,88.1,403.3,31.5,68.7,1.7
2025-08-18,Bangalore,12.9716,77.5946,123.7,57.8,101.7,414.3,26.1,88.6,3.4
2025-08-19,Bangalore,12.9716,77.5946,97.5,41.7,70.4,403.1,26.3,82.2,4.7
2025-08-20,Bangalore,12.9716,77.5946,99.9,38.1,86.7,373.5,27.7,79.5,3.9
2025-08-21,Bangalore,12.9716,77.5946,107.8,52.4,92.1,398.9,25.8,69.5,4.9
2025-08-22,Bangalore,12.9716,77.5946,89.2,40.9,57.4,388.1,32.4,75.6,4.9
2025-08-23,Bangalore,12.9716,77.5946,115.2,50.9,80.3,414.5,27.4,68.7,3.2
2025-08-24,Bangalore,12.9716,77.5946,124.1,54.7,101.9,408.2,29.9,83.5,6.0
2025-08-25,Bangalore,12.9716,77.5946,97.2,44.7,76.2,392.7,36.8,78.9,4.0
2025-08-26,Bangalore,12.9716,77.5946,118.8,55.7,87.2,416.4,30.3,71.8,5.0
2025-08-27,Bangalore,12.9716,77.5946,116.8,58.5,91.5,418.7,31.8,76.5,0.8
2025-08-28,Bangalore,12.9716,77.5946,90.4,38.6,75.6,400.8,35.3,66.0,3.2
2025-08-29,Bangalore,12.9716,77.5946,100.0,51.4,77.3,406.8,29.8,77.1,0.5
2025-08-30,Bangalore,12.9716,77.5946,98.5,43.9,78.5,406.3,31.8,73.9,2.3
2025-08-31,Bangalore,12.9716,77.5946,139.2,54.5,110.2,417.8,29.9,91.8,3.1
2025-09-01,Bangalore,12.9716,77.5946,76.0,27.7,44.5,400.6,32.5,55.6,3.2
2025-09-02,Bangalore,12.9716,77.5946,122.1,53.0,109.9,417.1,27.9,57.4,4.8
2025-09-03,Bangalore,12.9716,77.5946,91.4,35.7,66.9,383.3,30.5,66.7,4.1
2025-09-04,Bangalore,12.9716,77.5946,68.6,32.6,46.8,402.6,22.5,62.2,3.0
2025-09-05,Bangalore,12.9716,77.5946,62.6,30.8,59.0,384.5,31.5,46.7,2.8
2025-09-06,Bangalore,12.9716,77.5946,113.8,53.4,106.8,400.7,28.1,48.8,2.8
2025-09-07,Bangalore,12.9716,77.5946,149.2,63.0,118.7,438.6,28.3,65.5,3.2
2025-09-08,Bangalore,12.9716,77.5946,82.0,42.3,58.8,382.7,27.9,57.9,1.3
2025-09-09,Bangalore,12.9716,77.5946,96.4,43.1,83.2,406.6,27.1,59.3,1.6
2025-09-10,Bangalore,12.9716,77.5946,98.1,33.5,76.5,397.6,28.2,47.9,6.4
2025-09-11,Bangalore,12.9716,77.5946,70.4,32.8,62.3,379.6,25.6,71.4,3.3
2025-09-12,Bangalore,12.9716,77.5946,130.8,53.1,102.7,431.1,26.6,77.7,1.8
2025-09-13,Bangalore,12.9716,77.5946,88.6,47.1,57.1,404.5,30.1,63.6,6.1
2025-09-14,Bangalore,12.9716,77.5946,122.4,52.6,101.3,393.6,28.4,52.8,3.7
2025-09-15,Bangalore,12.9716,77.5946,99.2,40.5,79.8,387.5,26.3,59.5,3.3
2025-09-16,Bangalore,12.9716,77.5946,129.8,57.0,89.5,420.3,26.4,57.7,0.7
2025-09-17,Bangalore,12.9716,77.5946,129.1,65.8,103.3,409.1,27.6,68.1,0.9
2025-09-18,Bangalore,12.9716,77.5946,118.2,48.8,80.0,413.6,25.4,62.2,4.8
2025-09-19,Bangalore,12.9716,77.5946,73.4,29.7,55.2,372.2,30.5,51.5,5.5
2025-09-20,Bangalore,12.9716,77.5946,103.2,50.4,74.1,414.2,18.7,77.1,2.8
2025-09-21,Bangalore,12.9716,77.5946,109.5,60.6,78.8,424.9,28.2,70.8,5.8
2025-09-22,Bangalore,12.9716,77.5946,62.3,28.1,45.9,386.3,26.4,66.7,1.4
2025-09-23,Bangalore,12.9716,77.5946,112.1,39.6,73.3,392.7,28.6,56.7,1.6
2025-09-24,Bangalore,12.9716,77.5946,114.4,49.2,89.0,407.4,30.3,62.6,2.7
2025-09-25,Bangalore,12.9716,77.5946,96.9,44.8,70.5,403.8,28.3,79.0,4.1
2025-09-26,Bangalore,12.9716,77.5946,103.0,47.5,65.4,400.5,28.0,83.7,0.5
2025-09-27,Bangalore,12.9716,77.5946,71.8,28.5,55.1,380.3,30.0,73.6,1.9
2025-09-28,Bangalore,12.9716,77.5946,108.9,53.3,93.3,409.6,27.7,79.2,2.2
2025-09-29,Bangalore,12.9716,77.5946,92.2,42.3,57.4,395.6,26.9,86.8,3.8
2025-09-30,Bangalore,12.9716,77.5946,86.6,33.2,70.3,393.0,28.6,64.8,2.0
2025-10-01,Bangalore,12.9716,77.5946,125.4,55.3,107.4,410.5,28.9,47.8,2.8
2025-10-02,Bangalore,12.9716,77.5946,115.5,50.4,85.7,415.9,34.6,59.8,4.1
2025-10-03,Bangalore,12.9716,77.5946,112.0,44.3,81.5,398.4,27.1,62.1,3.7
2025-10-04,Bangalore,12.9716,77.5946,92.8,44.3,74.7,402.6,24.9,69.9,6.2
2025-10-05,Bangalore,12.9716,77.5946,135.1,58.6,97.6,418.4,27.8,62.0,2.2
2025-10-06,Bangalore,12.9716,77.5946,104.6,42.4,85.1,408.0,29.2,63.1,2.4
2025-10-07,Bangalore,12.9716,77.5946,77.0,22.3,60.1,395.8,34.5,65.1,3.7
2025-10-08,Bangalore,12.9716,77.5946,173.8,78.9,135.9,430.7,25.7,76.9,2.4
2025-10-09,Bangalore,12.9716,77.5946,126.4,53.5,80.1,403.4,31.8,57.1,2.3
2025-10-10,Bangalore,12.9716,77.5946,139.6,67.5,120.6,433.1,25.3,75.7,3.3
2025-10-11,Bangalore,12.9716,77.5946,132.7,67.2,115.7,424.0,28.4,83.4,6.3
2025-10-12,Bangalore,12.9716,77.5946,134.5,61.2,93.9,423.3,27.3,70.7,6.3
2025-10-13,Bangalore,12.9716,77.5946,97.8,48.7,87.0,407.4,25.0,60.6,2.6
2025-10-14,Bangalore,12.9716,77.5946,139.0,66.6,99.9,423.6,26.6,49.7,5.7
2025-10-15,Bangalore,12.9716,77.5946,102.5,42.5,84.1,417.8,31.4,62.7,4.8
2025-10-16,Bangalore,12.9716,77.5946,157.8,58.3,129.5,445.5,28.8,78.7,3.6
2025-10-17,Bangalore,12.9716,77.5946,87.8,34.6,70.2,389.3,26.4,61.1,2.9
2025-10-18,Bangalore,12.9716,77.5946,110.2,53.8,89.2,410.7,27.6,63.0,1.6
2025-10-19,Bangalore,12.9716,77.5946,101.5,51.2,63.6,392.6,29.7,76.7,2.7
2025-10-20,Bangalore,12.9716,77.5946,150.8,69.7,111.8,425.5,26.1,60.9,4.4
2025-10-21,Bangalore,12.9716,77.5946,121.4,52.7,104.8,422.4,29.7,48.9,5.8
2025-10-22,Bangalore,12.9716,77.5946,121.5,53.8,101.0,418.4,25.4,60.3,0.5
2025-10-23,Bangalore,12.9716,77.5946,95.5,38.2,73.1,412.6,28.6,61.9,0.5
2025-10-24,Bangalore,12.9716,77.5946,120.7,61.4,97.0,400.7,29.1,73.3,2.9
2025-10-25,Bangalore,12.9716,77.5946,101.8,49.5,75.4,405.3,26.8,60.0,4.3
2025-10-26,Bangalore,12.9716,77.5946,160.4,73.4,126.9,423.8,22.5,58.2,4.9
2025-10-27,Bangalore,12.9716,77.5946,150.3,72.4,115.3,419.2,24.0,48.0,3.0
2025-10-28,Bangalore,12.9716,77.5946,94.1,47.7,66.2,401.9,24.9,52.0,3.5
2025-10-29,Bangalore,12.9716,77.5946,154.0,68.5,127.7,446.3,19.2,71.4,5.7
2025-10-30,Bangalore,12.9716,77.5946,130.4,57.4,95.5,411.6,25.0,55.9,4.3
2025-10-31,Bangalore,12.9716,77.5946,126.4,62.1,93.2,417.0,28.4,58.8,3.7
2025-11-01,Bangalore,12.9716,77.5946,148.2,63.0,119.0,412.7,23.7,47.7,2.2
2025-11-02,Bangalore,12.9716,77.5946,227.2,101.9,186.9,476.9,16.6,71.4,2.8
2025-11-03,Bangalore,12.9716,77.5946,212.2,99.5,173.2,461.8,16.7,70.6,2.5
2025-11-04,Bangalore,12.9716,77.5946,168.8,74.0,137.5,428.1,22.3,55.4,5.0
2025-11-05,Bangalore,12.9716,77.5946,125.5,62.0,110.7,405.3,21.6,45.6,2.5
2025-11-06,Bangalore,12.9716,77.5946,176.7,83.3,132.9,439.1,17.3,55.7,3.4
2025-11-07,Bangalore,12.9716,77.5946,207.5,93.8,155.3,465.1,26.1,52.8,2.3
2025-11-08,Bangalore,12.9716,77.5946,193.7,90.5,158.5,435.6,25.0,33.8,5.0
2025-11-09,Bangalore,12.9716,77.5946,178.6,74.4,148.0,425.4,24.1,63.2,4.3
2025-11-10,Bangalore,12.9716,77.5946,177.4,80.0,140.7,442.6,22.1,58.8,6.1
2025-11-11,Bangalore,12.9716,77.5946,152.7,62.4,122.1,428.7,28.2,55.1,3.3
2025-11-12,Bangalore,12.9716,77.5946,176.3,89.4,137.1,431.1,15.9,54.3,5.6
2025-11-13,Bangalore,12.9716,77.5946,198.4,92.6,160.1,450.3,24.6,57.1,3.2
2025-11-14,Bangalore,12.9716,77.5946,158.8,70.3,138.2,430.8,15.7,66.4,2.1
2025-11-15,Bangalore,12.9716,77.5946,161.1,70.1,131.5,431.5,24.1,40.7,1.9
2025-11-16,Bangalore,12.9716,77.5946,216.8,99.2,176.1,469.5,23.3,35.5,2.5
2025-11-17,Bangalore,12.9716,77.5946,193.3,89.4,148.6,448.2,25.6,60.7,2.1
2025-11-18,Bangalore,12.9716,77.5946,197.6,92.9,169.7,442.7,20.6,53.3,3.4
2025-11-19,Bangalore,12.9716,77.5946,157.5,63.8,130.4,440.9,23.1,46.6,2.1
2025-11-20,Bangalore,12.9716,77.5946,152.4,72.3,115.6,426.2,19.2,43.7,3.9
2025-11-21,Bangalore,12.9716,77.5946,215.7,103.2,163.8,456.8,31.2,50.7,4.1
2025-11-22,Bangalore,12.9716,77.5946,122.7,57.7,81.4,436.1,25.3,35.3,4.0
2025-11-23,Bangalore,12.9716,77.5946,205.4,94.8,163.5,449.8,21.2,59.6,0.6
2025-11-24,Bangalore,12.9716,77.5946,161.2,62.9,135.4,435.0,24.6,36.0,3.3
2025-11-25,Bangalore,12.9716,77.5946,140.1,69.7,88.7,412.9,27.9,48.2,3.8
2025-11-26,Bangalore,12.9716,77.5946,146.2,66.4,114.6,418.4,24.3,45.2,3.6
2025-11-27,Bangalore,12.9716,77.5946,233.0,106.4,177.2,456.8,22.5,58.3,1.4
2025-11-28,Bangalore,12.9716,77.5946,167.9,79.4,128.9,450.4,23.1,64.0,5.6
2025-11-29,Bangalore,12.9716,77.5946,222.3,94.0,180.5,456.1,22.0,49.2,3.4
2025-11-30,Bangalore,12.9716,77.5946,181.9,84.4,138.8,440.6,29.3,53.4,4.5
2025-12-01,Bangalore,12.9716,77.5946,142.3,64.6,108.7,412.7,14.8,37.5,2.5
2025-12-02,Bangalore,12.9716,77.5946,179.7,80.9,133.3,431.2,27.0,54.3,3.9
2025-12-03,Bangalore,12.9716,77.5946,223.5,100.3,174.2,458.5,26.1,44.0,3.4
2025-12-04,Bangalore,12.9716,77.5946,184.6,82.6,135.3,446.7,26.7,48.7,3.9
2025-12-05,Bangalore,12.9716,77.5946,210.6,95.1,170.1,439.1,16.8,49.4,4.3
2025-12-06,Bangalore,12.9716,77.5946,157.5,62.3,132.0,425.1,22.8,56.0,3.4
2025-12-07,Bangalore,12.9716,77.5946,164.7,80.5,136.9,433.0,23.2,42.2,2.8
2025-12-08,Bangalore,12.9716,77.5946,180.5,78.1,134.3,451.9,21.8,44.8,2.8
2025-12-09,Bangalore,12.9716,77.5946,170.6,70.3,143.1,436.9,21.0,49.7,1.9
2025-12-10,Bangalore,12.9716,77.5946,190.6,87.4,139.2,448.8,29.9,39.0,4.4
2025-12-11,Bangalore,12.9716,77.5946,218.1,93.7,171.0,451.5,22.9,55.3,4.6
2025-12-12,Bangalore,12.9716,77.5946,122.6,59.9,88.9,405.7,21.5,57.6,3.2
2025-12-13,Bangalore,12.9716,77.5946,193.5,83.7,149.0,445.2,22.1,32.6,1.3
2025-12-14,Bangalore,12.9716,77.5946,186.9,77.5,153.6,440.9,24.0,40.8,2.9
2025-12-15,Bangalore,12.9716,77.5946,143.5,55.0,122.0,413.0,27.4,34.3,4.4
2025-12-16,Bangalore,12.9716,77.5946,133.2,56.2,95.3,427.4,10.3,44.9,3.1
2025-12-17,Bangalore,12.9716,77.5946,163.9,69.1,127.4,442.3,24.9,48.1,2.7
2025-12-18,Bangalore,12.9716,77.5946,229.2,102.5,169.5,441.8,27.4,54.6,4.0
2025-06-22,Chennai,13.0827,80.2707,107.4,54.7,94.2,411.0,26.2,75.9,4.3
2025-06-23,Chennai,13.0827,80.2707,73.7,32.2,45.0,399.8,29.4,84.7,1.5
2025-06-24,Chennai,13.0827,80.2707,103.7,40.8,97.2,406.8,31.8,65.8,2.0
2025-06-25,Chennai,13.0827,80.2707,94.3,51.9,79.0,379.6,32.0,74.4,3.9
2025-06-26,Chennai,13.0827,80.2707,128.5,60.8,102.6,411.0,27.6,72.0,5.9
2025-06-27,Chennai,13.0827,80.2707,114.0,47.7,90.9,395.6,30.7,81.0,2.8
2025-06-28,Chennai,13.0827,80.2707,131.4,57.2,114.8,429.7,30.4,59.3,2.5
2025-06-29,Chennai,13.0827,80.2707,82.8,43.7,48.9,397.6,31.7,85.7,4.7
2025-06-30,Chennai,13.0827,80.2707,95.7,48.8,74.6,403.4,35.5,68.9,3.0
2025-07-01,Chennai,13.0827,80.2707,125.8,62.9,94.0,402.4,30.7,55.3,3.2
2025-07-02,Chennai,13.0827,80.2707,102.1,52.8,68.0,417.4,26.6,73.4,4.3
2025-07-03,Chennai,13.0827,80.2707,84.6,39.6,52.4,389.8,33.6,74.3,4.3
2025-07-04,Chennai,13.0827,80.2707,106.4,48.0,79.5,381.7,32.6,79.7,2.3
2025-07-05,Chennai,13.0827,80.2707,81.3,32.8,50.1,388.9,27.0,85.4,3.5
2025-07-06,Chennai,13.0827,80.2707,133.0,61.9,119.5,427.0,32.2,77.8,2.4
2025-07-07,Chennai,13.0827,80.2707,84.3,28.8,48.8,397.6,27.2,85.3,2.6
2025-07-08,Chennai,13.0827,80.2707,100.5,53.4,79.6,396.2,27.2,77.1,2.3
2025-07-09,Chennai,13.0827,80.2707,86.6,30.3,68.3,398.5,34.6,84.8,3.8
2025-07-10,Chennai,13.0827,80.2707,116.0,60.3,84.3,422.1,26.7,70.1,6.0
2025-07-11,Chennai,13.0827,80.2707,75.1,38.9,46.5,375.6,28.0,70.1,2.2
2025-07-12,Chennai,13.0827,80.2707,99.5,50.1,79.6,377.7,30.7,75.4,3.0
2025-07-13,Chennai,13.0827,80.2707,98.5,37.9,87.8,404.5,28.2,80.2,3.5
2025-07-14,Chennai,13.0827,80.2707,105.9,46.5,81.3,411.8,28.4,68.1,3.9
2025-07-15,Chennai,13.0827,80.2707,93.2,45.8,66.8,383.7,34.1,57.6,4.5
2025-07-16,Chennai,13.0827,80.2707,89.9,40.0,69.9,365.4,24.3,85.9,3.7
2025-07-17,Chennai,13.0827,80.2707,130.3,59.2,108.4,407.8,26.7,73.4,0.5
2025-07-18,Chennai,13.0827,80.2707,72.0,36.0,72.6,380.9,26.0,70.1,4.0
2025-07-19,Chennai,13.0827,80.2707,99.5,41.4,75.3,400.2,31.1,64.5,2.1
2025-07-20,Chennai,13.0827,80.2707,102.8,45.5,79.5,411.2,27.3,78.7,3.0
2025-07-21,Chennai,13.0827,80.2707,92.9,45.4,60.6,399.1,28.8,78.8,5.5
2025-07-22,Chennai,13.0827,80.2707,80.8,40.6,56.6,377.0,23.9,110.0,5.2
2025-07-23,Chennai,13.0827,80.2707,89.0,44.5,89.1,376.9,27.3,87.1,3.6
2025-07-24,Chennai,13.0827,80.2707,123.1,60.4,100.5,419.4,29.3,75.6,3.5
2025-07-25,Chennai,13.0827,80.2707,126.6,55.4,90.9,403.5,30.8,96.4,1.9
2025-07-26,Chennai,13.0827,80.2707,120.9,45.6,96.7,414.1,26.3,76.3,4.2
2025-07-27,Chennai,13.0827,80.2707,130.4,60.7,109.5,409.1,31.0,73.7,4.4
2025-07-28,Chennai,13.0827,80.2707,96.9,37.1,89.8,408.4,28.8,75.8,3.4
2025-07-29,Chennai,13.0827,80.2707,77.6,35.1,63.5,390.4,29.2,81.1,3.0
2025-07-30,Chennai,13.0827,80.2707,94.5,42.2,68.5,390.1,30.3,53.9,5.1
2025-07-31,Chennai,13.0827,80.2707,108.6,49.0,86.6,399.4,24.5,88.1,4.3
2025-08-01,Chennai,13.0827,80.2707,116.1,56.8,85.4,400.7,31.0,87.6,4.9
2025-08-02,Chennai,13.0827,80.2707,105.8,48.3,75.1,406.1,32.3,87.8,4.3
2025-08-03,Chennai,13.0827,80.2707,51.6,33.0,44.3,380.5,34.7,74.2,3.4
2025-08-04,Chennai,13.0827,80.2707,76.4,38.8,55.7,398.9,31.2,78.7,2.9
2025-08-05,Chennai,13.0827,80.2707,107.3,52.9,85.8,397.5,23.8,76.2,3.4
2025-08-06,Chennai,13.0827,80.2707,121.8,61.9,106.5,402.9,30.1,73.5,1.0
2025-08-07,Chennai,13.0827,80.2707,109.9,47.8,97.1,424.1,33.3,57.6,2.5
2025-08-08,Chennai,13.0827,80.2707,74.6,25.1,50.6,369.1,32.1,69.1,4.3
2025-08-09,Chennai,13.0827,80.2707,78.0,35.0,61.6,384.9,30.7,72.4,2.4
2025-08-10,Chennai,13.0827,80.2707,103.9,44.6,72.9,408.5,31.0,66.6,3.4
2025-08-11,Chennai,13.0827,80.2707,99.9,45.6,82.9,403.1,31.3,70.0,2.1
2025-08-12,Chennai,13.0827,80.2707,79.6,33.6,54.8,413.4,30.3,67.4,2.5
2025-08-13,Chennai,13.0827,80.2707,97.3,45.1,84.0,403.9,30.6,69.7,3.7
2025-08-14,Chennai,13.0827,80.2707,99.1,43.0,78.0,408.2,31.8,86.2,3.8
2025-08-15,Chennai,13.0827,80.2707,75.4,31.5,58.3,385.7,33.6,69.2,0.8
2025-08-16,Chennai,13.0827,80.2707,89.5,28.6,76.2,404.3,31.8,77.8,5.3
2025-08-17,Chennai,13.0827,80.2707,75.1,32.8,46.3,380.2,31.3,69.1,4.3
2025-08-18,Chennai,13.0827,80.2707,120.2,59.2,98.6,411.5,28.9,89.9,1.5
2025-08-19,Chennai,13.0827,80.2707,108.7,51.5,83.4,420.0,30.1,79.8,3.2
2025-08-20,Chennai,13.0827,80.2707,80.8,28.7,65.3,396.7,27.2,73.0,4.4
2025-08-21,Chennai,13.0827,80.2707,86.9,29.8,85.5,399.3,28.8,89.0,4.5
2025-08-22,Chennai,13.0827,80.2707,82.7,34.3,70.0,400.4,34.5,72.5,3.8
2025-08-23,Chennai,13.0827,80.2707,83.9,33.7,63.9,401.9,33.7,73.7,0.9
2025-08-24,Chennai,13.0827,80.2707,75.0,30.8,48.7,378.6,23.4,76.0,3.6
2025-08-25,Chennai,13.0827,80.2707,118.9,49.3,98.2,409.8,29.8,78.4,2.5
2025-08-26,Chennai,13.0827,80.2707,86.8,35.7,75.9,397.1,36.9,67.6,3.4
2025-08-27,Chennai,13.0827,80.2707,112.6,46.0,98.4,396.4,30.8,70.7,3.2
2025-08-28,Chennai,13.0827,80.2707,122.3,59.5,90.7,402.4,31.6,60.9,2.5
2025-08-29,Chennai,13.0827,80.2707,114.5,52.0,86.0,417.8,30.0,65.9,4.4
2025-08-30,Chennai,13.0827,80.2707,73.3,29.2,56.0,381.8,35.4,66.0,1.7
2025-08-31,Chennai,13.0827,80.2707,96.4,45.3,80.2,381.7,31.6,82.4,4.7
2025-09-01,Chennai,13.0827,80.2707,99.0,41.5,69.8,405.0,28.2,71.9,3.2
2025-09-02,Chennai,13.0827,80.2707,134.7,52.5,107.0,413.6,29.0,63.3,5.5
2025-09-03,Chennai,13.0827,80.2707,122.3,54.6,96.1,401.6,28.6,42.8,3.5
2025-09-04,Chennai,13.0827,80.2707,102.2,44.2,77.9,405.8,31.2,69.2,6.0
2025-09-05,Chennai,13.0827,80.2707,96.5,53.3,87.2,393.5,27.4,70.7,2.7
2025-09-06,Chennai,13.0827,80.2707,82.7,37.7,66.3,382.0,29.8,54.0,6.1
2025-09-07,Chennai,13.0827,80.2707,94.8,45.4,75.7,391.4,30.1,76.8,5.0
2025-09-08,Chennai,13.0827,80.2707,91.6,42.7,71.4,403.3,26.4,71.9,4.9
2025-09-09,Chennai,13.0827,80.2707,120.1,48.6,89.2,419.0,25.6,68.8,4.8
2025-09-10,Chennai,13.0827,80.2707,97.2,49.9,72.9,396.7,25.2,68.5,1.3
2025-09-11,Chennai,13.0827,80.2707,103.7,49.9,80.9,408.0,30.8,50.0,5.5
2025-09-12,Chennai,13.0827,80.2707,125.0,49.5,86.8,412.5,25.0,77.2,2.1
2025-09-13,Chennai,13.0827,80.2707,89.0,37.0,60.1,393.5,31.3,62.9,0.5
2025-09-14,Chennai,13.0827,80.2707,130.7,50.4,93.5,408.3,26.5,86.9,3.3
2025-09-15,Chennai,13.0827,80.2707,106.3,53.0,90.4,400.8,30.6,52.5,3.2
2025-09-16,Chennai,13.0827,80.2707,91.2,46.5,73.3,390.9,27.4,74.7,5.6
2025-09-17,Chennai,13.0827,80.2707,123.3,52.4,89.5,402.9,24.5,56.0,4.6
2025-09-18,Chennai,13.0827,80.2707,115.4,59.0,92.7,406.8,34.7,76.4,4.9
2025-09-19,Chennai,13.0827,80.2707,111.5,49.1,96.6,405.9,28.2,58.8,3.5
2025-09-20,Chennai,13.0827,80.2707,89.0,40.4,77.5,398.6,32.0,60.3,5.4
2025-09-21,Chennai,13.0827,80.2707,81.0,35.9,48.7,387.9,28.7,78.6,2.3
2025-09-22,Chennai,13.0827,80.2707,85.2,43.4,59.6,384.8,24.0,55.8,2.2
2025-09-23,Chennai,13.0827,80.2707,58.4,32.1,49.1,367.5,25.6,75.3,3.2
2025-09-24,Chennai,13.0827,80.2707,129.5,55.5,119.7,402.8,25.1,46.9,3.2
2025-09-25,Chennai,13.0827,80.2707,110.4,44.6,85.1,391.4,31.7,72.7,4.7
2025-09-26,Chennai,13.0827,80.2707,86.6,45.5,50.4,390.8,27.3,69.4,3.8
2025-09-27,Chennai,13.0827,80.2707,90.1,49.0,60.2,386.8,31.7,61.4,1.8
2025-09-28,Chennai,13.0827,80.2707,126.1,58.7,106.1,416.9,30.1,76.0,2.9
2025-09-29,Chennai,13.0827,80.2707,98.3,47.6,72.7,404.5,27.4,54.6,1.8
2025-09-30,Chennai,13.0827,80.2707,100.7,39.4,78.1,389.0,26.7,67.4,3.0
2025-10-01,Chennai,13.0827,80.2707,137.0,56.4,106.3,422.1,22.5,72.0,3.8
2025-10-02,Chennai,13.0827,80.2707,129.1,64.7,92.0,415.2,26.8,43.0,5.0
2025-10-03,Chennai,13.0827,80.2707,148.5,71.9,111.5,419.1,28.2,70.4,3.3
2025-10-04,Chennai,13.0827,80.2707,106.3,49.7,88.9,411.1,26.3,70.0,0.5
2025-10-05,Chennai,13.0827,80.2707,89.2,47.3,61.7,386.4,31.1,66.4,4.4
2025-10-06,Chennai,13.0827,80.2707,140.6,72.6,115.2,403.9,25.3,52.3,1.7
2025-10-07,Chennai,13.0827,80.2707,83.1,46.6,70.5,402.3,30.8,54.3,3.7
2025-10-08,Chennai,13.0827,80.2707,150.8,66.9,111.0,431.1,22.0,66.3,0.5
2025-10-09,Chennai,13.0827,80.2707,112.8,45.1,93.7,393.5,29.2,73.2,3.6
2025-10-10,Chennai,13.0827,80.2707,126.8,56.0,101.1,403.7,29.3,71.3,3.2
2025-10-11,Chennai,13.0827,80.2707,151.9,70.8,113.7,406.2,22.0,67.8,2.6
2025-10-12,Chennai,13.0827,80.2707,106.6,35.8,86.6,411.1,29.7,76.6,5.1
2025-10-13,Chennai,13.0827,80.2707,132.5,63.2,92.3,420.8,28.7,59.7,3.9
2025-10-14,Chennai,13.0827,80.2707,144.5,55.4,127.1,429.0,25.7,56.4,1.1
2025-10-15,Chennai,13.0827,80.2707,77.5,28.2,67.1,397.3,26.7,67.1,2.2
2025-10-16,Chennai,13.0827,80.2707,147.5,59.0,110.6,419.2,29.5,68.2,0.5
2025-10-17,Chennai,13.0827,80.2707,138.8,63.7,106.7,417.4,29.3,52.6,2.6
2025-10-18,Chennai,13.0827,80.2707,145.6,69.3,99.0,415.7,23.9,62.7,2.0
2025-10-19,Chennai,13.0827,80.2707,108.6,47.9,87.7,405.1,28.6,43.9,3.7
2025-10-20,Chennai,13.0827,80.2707,105.3,40.6,82.4,414.3,31.0,59.5,3.7
2025-10-21,Chennai,13.0827,80.2707,159.6,76.1,118.9,416.2,28.3,68.8,3.6
2025-10-22,Chennai,13.0827,80.2707,93.2,38.3,74.9,396.7,24.6,55.4,2.1
2025-10-23,Chennai,13.0827,80.2707,150.1,72.1,126.5,415.1,29.2,64.4,6.1
2025-10-24,Chennai,13.0827,80.2707,114.2,53.5,77.1,416.1,28.6,63.2,7.4
2025-10-25,Chennai,13.0827,80.2707,142.7,70.1,118.7,445.7,22.9,48.6,4.5
2025-10-26,Chennai,13.0827,80.2707,147.7,69.0,108.4,423.4,25.8,74.0,6.4
2025-10-27,Chennai,13.0827,80.2707,117.0,50.3,86.8,422.1,29.7,62.8,4.8
2025-10-28,Chennai,13.0827,80.2707,152.4,76.7,115.6,430.2,24.7,60.0,2.7
2025-10-29,Chennai,13.0827,80.2707,107.0,44.2,80.2,408.0,25.7,74.5,5.4
2025-10-30,Chennai,13.0827,80.2707,150.0,68.8,116.7,426.0,22.6,59.1,5.0
2025-10-31,Chennai,13.0827,80.2707,151.7,65.2,112.2,417.4,23.6,64.3,5.0
2025-11-01,Chennai,13.0827,80.2707,207.1,93.3,178.1,447.1,19.9,47.9,5.4
2025-11-02,Chennai,13.0827,80.2707,223.9,100.5,170.5,449.9,19.6,39.6,1.3
2025-11-03,Chennai,13.0827,80.2707,192.1,88.9,140.3,459.7,20.3,46.9,3.5
2025-11-04,Chennai,13.0827,80.2707,98.9,40.1,79.4,397.1,15.3,52.3,5.8
2025-11-05,Chennai,13.0827,80.2707,162.0,80.7,122.5,440.2,23.5,71.5,7.4
2025-11-06,Chennai,13.0827,80.2707,151.1,63.5,131.1,422.6,18.7,53.1,4.5
2025-11-07,Chennai,13.0827,80.2707,173.0,83.4,145.3,428.3,24.0,45.5,3.4
2025-11-08,Chennai,13.0827,80.2707,203.0,93.9,157.3,428.6,23.4,60.1,4.5
2025-11-09,Chennai,13.0827,80.2707,187.1,77.2,153.5,430.9,22.6,57.9,2.3
2025-11-10,Chennai,13.0827,80.2707,148.1,71.6,111.0,435.4,19.0,69.3,3.8
2025-11-11,Chennai,13.0827,80.2707,153.8,58.8,119.0,426.3,27.8,45.2,4.6
2025-11-12,Chennai,13.0827,80.2707,181.1,80.0,154.1,446.9,26.8,59.9,4.3
2025-11-13,Chennai,13.0827,80.2707,150.2,68.7,123.5,418.3,32.5,42.5,3.6
2025-11-14,Chennai,13.0827,80.2707,173.6,79.6,124.0,456.9,23.0,37.3,0.5
2025-11-15,Chennai,13.0827,80.2707,183.3,82.0,144.7,439.1,19.9,55.4,6.0
2025-11-16,Chennai,13.0827,80.2707,137.8,63.7,86.0,443.0,13.7,41.3,3.9
2025-11-17,Chennai,13.0827,80.2707,214.1,106.0,171.2,475.7,19.5,57.6,5.7
2025-11-18,Chennai,13.0827,80.2707,191.9,81.6,157.0,428.1,21.0,51.1,4.1
2025-11-19,Chennai,13.0827,80.2707,169.0,78.9,137.5,448.7,26.3,50.0,4.2
2025-11-20,Chennai,13.0827,80.2707,207.6,82.5,151.4,474.9,18.8,37.4,0.5
2025-11-21,Chennai,13.0827,80.2707,217.9,103.5,167.3,464.0,17.1,54.5,1.4
2025-11-22,Chennai,13.0827,80.2707,191.3,88.0,158.1,449.4,29.0,60.3,2.8
2025-11-23,Chennai,13.0827,80.2707,217.4,102.9,171.9,465.2,19.2,64.2,3.2
2025-11-24,Chennai,13.0827,80.2707,164.5,72.3,121.2,437.4,22.3,76.8,2.8
2025-11-25,Chennai,13.0827,80.2707,163.2,76.9,126.0,425.6,27.0,70.7,5.2
2025-11-26,Chennai,13.0827,80.2707,184.2,82.9,137.5,446.7,22.8,54.7,3.8
2025-11-27,Chennai,13.0827,80.2707,194.3,94.5,145.6,468.4,26.2,29.5,1.3
2025-11-28,Chennai,13.0827,80.2707,227.3,107.8,166.6,456.8,21.3,44.2,4.4
2025-11-29,Chennai,13.0827,80.2707,221.9,94.5,178.7,464.3,22.8,45.5,4.5
2025-11-30,Chennai,13.0827,80.2707,145.3,58.3,114.2,403.3,23.3,64.1,2.1
2025-12-01,Chennai,13.0827,80.2707,195.7,88.2,149.8,459.7,20.6,41.8,3.2
2025-12-02,Chennai,13.0827,80.2707,181.1,75.1,143.0,432.0,27.3,45.1,3.8
2025-12-03,Chennai,13.0827,80.2707,179.2,77.9,126.0,450.3,25.4,46.6,0.5
2025-12-04,Chennai,13.0827,80.2707,175.7,80.5,144.3,428.4,17.8,46.2,6.9
2025-12-05,Chennai,13.0827,80.2707,178.5,73.6,136.4,429.5,22.7,47.6,2.3
2025-12-06,Chennai,13.0827,80.2707,160.0,74.0,115.0,439.6,21.1,44.1,2.6
2025-12-07,Chennai,13.0827,80.2707,145.2,60.0,111.3,414.1,25.4,41.7,2.4
2025-12-08,Chennai,13.0827,80.2707,187.2,69.8,139.7,452.2,24.4,57.3,4.1
2025-12-09,Chennai,13.0827,80.2707,179.3,84.9,131.3,424.0,20.1,50.5,2.5
2025-12-10,Chennai,13.0827,80.2707,180.3,73.8,132.6,445.1,21.2,51.8,6.4
2025-12-11,Chennai,13.0827,80.2707,161.1,77.8,135.5,437.6,24.8,52.8,3.0
2025-12-12,Chennai,13.0827,80.2707,180.2,77.9,139.5,444.6,30.2,59.5,3.7
2025-12-13,Chennai,13.0827,80.2707,185.1,76.5,153.5,422.1,24.1,61.1,2.9
2025-12-14,Chennai,13.0827,80.2707,202.0,94.9,155.9,458.5,24.6,62.1,3.0
2025-12-15,Chennai,13.0827,80.2707,210.0,93.8,173.4,473.5,22.5,52.6,2.1
2025-12-16,Chennai,13.0827,80.2707,204.4,93.6,172.9,458.6,21.0,74.7,1.2
2025-12-17,Chennai,13.0827,80.2707,200.7,87.7,160.3,447.5,26.0,55.1,4.2
2025-12-18,Chennai,13.0827,80.2707,173.8,78.4,143.6,431.3,25.3,60.3,5.3
